#ENDOFHEADER,,,

//スクラッチ位置。0は左、1は右。デフォルトは0,1,,
//sc side,1P,2P,
#SCRATCHSIDE,0,0,

//リザルトの1P2P入れ替えを行う場合はコメントを外して下さい,,,
//#FLIPRESULT,,,

//[透過色設定],,,
//必要無くても必ず設定して下さい。(なんかライブラリの仕様でオフに出来ないみたいなので,,,
//透過色,R,G,B
#TRANSCLOLR,0,255,0


//[入力開始時間],,,
//入力開始時間,ms
#STARTINPUT,1000


//[演奏開始時間],
//LOADSTART シーン開始から曲ロード開始までの時間,
//LOADEND ロード開始からロード終了までの最低時間(ロード時間が長ければそれだけ遅れます,
//PLAYSTART ロード終了から曲開始までの時間,

#LOADSTART,0
#LOADEND,3000
#PLAYSTART,1500


//[フェードアウト時間],
//フェードアウト時にこの時間が過ぎると次のシーンに移行します。,
#FADEOUT,500,

//[閉店時間],,
#CLOSE,2900,


//[画像定義],,
//画像定義,filename,
#IMAGE,.\LR2files\Theme\EndlessCirculation\Play\bomb\*.png,"			//0"
#IMAGE,.\LR2files\Theme\EndlessCirculation\Play\disablelane\AC\*.png,"		//1"
#IMAGE,.\LR2files\Theme\EndlessCirculation\Play\frame\Dive\wide\*.png,"		//2"
#IMAGE,.\LR2files\Theme\EndlessCirculation\Play\_parts\LR2 Motion.tga,"		//3"
#IMAGE,.\LR2files\Theme\EndlessCirculation\Play\gauge\WIDE\*.png,"		//4"
#IMAGE,.\LR2files\Theme\EndlessCirculation\Play\lanecover\AC\*.png,"		//5"
#IMAGE,.\LR2files\Theme\EndlessCirculation\Play\object\AC\*.png,"		//6"
#IMAGE,.\LR2files\Theme\EndlessCirculation\Play\turntable\N\*.png,"		//7"
#IMAGE,.\LR2files\Theme\EndlessCirculation\Play\parts\note\*.png," //8",,
#IMAGE,.\LR2files\Theme\EndlessCirculation\Play\number\*.png,"			//9",,
#IMAGE,.\LR2files\Theme\EndlessCirculation\Play\progressbar\*.png,"		//10",,
#IMAGE,.\LR2files\Theme\EndlessCirculation\Play\_parts\close.png,"		//11",,
#IMAGE,.\LR2files\Theme\EndlessCirculation\Play\_parts\parts.png,"		//12",,
#IMAGE,.\LR2files\Theme\EndlessCirculation\Play\parts\Combo\*.png""",,,,,,,,,,,,,,,,,,,,
#IMAGE,.\LR2files\Theme\EndlessCirculation\Play\emblem\*.png,"			//14",,
#IMAGE,.\LR2files\Theme\EndlessCirculation\Play\parts\beam\*.png",,		//15",,
#IMAGE,.\LR2files\Theme\EndlessCirculation\Play\number\P\P.png,"		//16",,
#IMAGE,.\LR2files\Theme\EndlessCirculation\Play\_parts\Graph.png,"		//17",,
#IMAGE,.\LR2files\Theme\EndlessCirculation\Play\Gaugefont\SPA.png,"
#IMAGE,.\LR2files\Theme\EndlessCirculation\Play\load.mpg,"
#IMAGE,.\LR2files\Theme\EndlessCirculation\Play\Character\*.png,
#IMAGE,.\LR2files\Theme\EndlessCirculation\Play\DIFFICULT\P.png, //21
#IMAGE,.\LR2files\Theme\EndlessCirculation\Play\DIFFICULT\level.png, //22
#IF,100,,,,,,,,,,
#IMAGE,.\LR2files\Theme\EndlessCirculation\Play\ClearData\NOPLAY.png,,,,,,,,,,//23
#ELSEIF,101,,,,,,,,,,
#IMAGE,.\LR2files\Theme\EndlessCirculation\Play\ClearData\FAILED.png,,,,,,,,,,//23
#ELSEIF,102,,,,,,,,,,
#IMAGE,.\LR2files\Theme\EndlessCirculation\Play\ClearData\EASYCLEAR.png,,,,,,,,,,//23
#ELSEIF,103,,,,,,,,,,
#IMAGE,.\LR2files\Theme\EndlessCirculation\Play\ClearData\CLEAR.png,,,,,,,,,,//23
#ELSEIF,104,,,,,,,,,,
#IMAGE,.\LR2files\Theme\EndlessCirculation\Play\ClearData\HARDCLEAR.png,,,,,,,,,,//23
#ELSEIF,105,,,,,,,,,,
#IMAGE,.\LR2files\Theme\EndlessCirculation\Play\ClearData\FULLCOMBO.png,,,,,,,,,,//23
#ELSE,,,,,,,,,,,
#IMAGE,.\LR2files\Theme\EndlessCirculation\Play\ClearData\dummy.png,,,,,,,,,,//23
#ENDIF,,,,,,,,,,,
#IMAGE,.\LR2files\Theme\EndlessCirculation\Play\parts\keyflash\*.png",,		//24",,
#IMAGE,.\LR2files\Theme\EndlessCirculation\Play\parts\judgeline\*.png",,		//25",,
#IMAGE,.\LR2files\Theme\EndlessCirculation\Play\parts\grow\*.png",,		//26",,
#IMAGE,CONTINUE,,,,,,,,,,//27


//[フォント定義],,,,
//,size,thick,type,name
#FONT,42,5,2,ＤＦＰPOPミックスW3
#FONT,15,5,2,ヒラギノ角ゴ7
#FONT,12,5,2,ヒラギノ角ゴ7

//パスの次を1とすると、画像フォント使用不可設定が無効になり、かならず使用されます,,,,,,,,,,,,,,,,,,,,
#LR2FONT,.\LR2files\Theme\EndlessCirculation\Play\font\00\font.lr2font,,,,,,,,,,,,,,,,,,,
#LR2FONT,.\LR2files\Theme\EndlessCirculation\Play\font\01\font.lr2font,,,,,,,,,,,,,,,,,,,
#LR2FONT,.\LR2files\Theme\EndlessCirculation\Play\font\02\font.lr2font,,,,,,,,,,,,,,,,,,,
#LR2FONT,.\LR2files\Theme\EndlessCirculation\Play\font\03\font.lr2font,,,,,,,,,,,,,,,,,,,
#LR2FONT,.\LR2files\Theme\EndlessCirculation\Play\font\04\font.lr2font,,,,,,,,,,,,,,,,,,,
#LR2FONT,.\LR2files\Theme\EndlessCirculation\Play\font\05\font.lr2font,,,,,,,,,,,,,,,,,,,

///先読み
#SRC_IMAGE,0,0,0,0,0,0,0,0,0,0,0,0,0,,,,,,,
//DST定義,(NULL),time,x,y,w,h,acc,a,r,g,b,blend,filter,angle,center,loop,timer,op1,op2,op3
#DST_IMAGE,0,0,0,0,1,1,0,255,0,0,0,0,0,0,0,0,0,0,0,0
///
#SRC_IMAGE,0,6,0,0,0,0,0,0,0,0,0,0,0,,,,,,,
//DST定義,(NULL),time,x,y,w,h,acc,a,r,g,b,blend,filter,angle,center,loop,timer,op1,op2,op3
#DST_IMAGE,0,0,0,0,1,1,0,255,0,0,0,0,0,0,0,0,0,0,0,0
//DST定義,(NULL),time,x,y,w,h,acc,a,r,g,b,blend,filter,angle,center,loop,timer,op1,op2,op3
#DST_IMAGE,0,0,0,720,66,448,0,255,255,255,255,1,0,0,0,-1,0,80,0,0
#DST_IMAGE,0,500,0,720,66,448,0,255,255,255,255,1,0,0,0,,,,,


//[画像配置],,,,,,,,,,,,,,,,,,,,

//コピペ用テンプレート,,,,,,,,,,,,,,,,,,,,
//SRC定義,(NULL),gr,x,y,w,h,div_x,div_y,cycle,timer,op1,op2,op3,,,,,,,
//DST定義,(NULL),time,x,y,w,h,acc,a,r,g,b,blend,filter,angle,center,loop,timer,op1,op2,op3

///////////////////////////////////////////////////////////////////////,,,,,,,,,,,,,,,,,,,,
//BGA,,,,,,,,,,,,,,,,,,,,
//SRCはほとんど形式を共通にするためのダミーでしかありませんが、一応表示に関するオプションを設定できます。,,,,,,,,,,,,,,,,,,,,
//nobase,nolayer,nopoor 1にするとその階層のBGAは表示されません。,,,,,,,,,,,,,,,,,,

//でかい,,,,,,,,,,,,,,,,,,,,
//SRC定義,(NULL),(NULL),(NULL),(NULL),(NULL),(NULL),(NULL),(NULL),(NULL),(NULL),nobase,nolayer,nopoor,,,,,,,
#SRC_BGA,0,0,0,0,0,0,0,0,0,0,0,0,0,,,,,,,
//DST定義,(NULL),time,x,y,w,h,acc,a,r,g,b,blend,filter,angle,center,loop,timer,op1,op2,op3
#DST_BGA,0,0,4,55,577,577,0,255,255,255,255,0,1,0,0,0,0,31,0,0

///通常,,,,,,,,,,,,,,,,,,,,
//SRC定義,(NULL),(NULL),(NULL),(NULL),(NULL),(NULL),(NULL),(NULL),(NULL),(NULL),nobase,nolayer,nopoor,,,,,,,
#SRC_BGA,0,0,0,0,0,0,0,0,0,0,0,0,0,,,,,,,
//DST定義,(NULL),time,x,y,w,h,acc,a,r,g,b,blend,filter,angle,center,loop,timer,op1,op2,op3
#DST_BGA,0,0,4,55,577,577,0,255,255,255,255,0,1,0,0,0,0,30,0,0

//loadmovie,,,,,,,,,,,,,,,,,,,,
//SRC定義,(NULL),gr,x,y,w,h,div_x,div_y,cycle,timer,op1,op2,op3,,,,,,,
#SRC_IMAGE,0,19,0,0,-1,-1,1,1,0,0,0,0,0,,,,,,,
//DST定義,(NULL),time,x,y,w,h,acc,a,r,g,b,blend,filter,angle,center,loop,timer,op1,op2,op3
#DST_IMAGE,0,500,4,55,577,577,0,0,255,255,255,1,1,0,0,750,0,80,0,0
#DST_IMAGE,0,750,4,55,577,577,0,60,255,255,255,1,1,0,0,,,,,

//loadmovie,,,,,,,,,,,,,,,,,,,,
//SRC定義,(NULL),gr,x,y,w,h,div_x,div_y,cycle,timer,op1,op2,op3,,,,,,,
#SRC_IMAGE,0,19,0,0,-1,-1,1,1,0,0,0,0,0,,,,,,,
//DST定義,(NULL),time,x,y,w,h,acc,a,r,g,b,blend,filter,angle,center,loop,timer,op1,op2,op3
#DST_IMAGE,0,0,4,55,577,577,0,60,255,255,255,1,1,0,0,-1,40,81,0,0
#DST_IMAGE,0,500,4,55,577,577,0,60,255,255,255,1,1,0,0,,,,,
#DST_IMAGE,0,750,4,55,577,577,0,0,255,255,255,1,1,0,0,,,,,




///////////////////////////////////////////////////////////////////////,,,,,,,,,,,,,,,,,,,,
//タイトルテキスト・タイトル画像(backbmp)表示始点,,,,,,,,,,,,,,,,,,,,

//ジャンル,,,,,,,,,,,,,,,,,,,,
//SRC定義,(NULL),font,st,align,edit,,,,,,,,,,,,,,,
#SRC_TEXT,0,1,13,1,0,,,,,,,,,,,,,,,
//DST定義,(NULL),time,x,y,w,size,acc,a,r,g,b,blend,filter,(NULL),(NULL),loop,timer,(NULL),(NULL),(NULL)
#DST_TEXT,0,0,285,159,420,30,0,0,255,255,255,1,1,0,0,750,0,80,194,0
#DST_TEXT,0,500,285,159,420,30,0,0,255,255,255,1,1,0,0,750,0,80,194,0
#DST_TEXT,0,750,285,159,420,30,0,255,255,255,255,1,1,0,0,,,,,

//ジャンル,,,,,,,,,,,,,,,,,,,,
//SRC定義,(NULL),font,st,align,edit,,,,,,,,,,,,,,,
#SRC_TEXT,0,1,13,1,0,,,,,,,,,,,,,,,
//DST定義,(NULL),time,x,y,w,size,acc,a,r,g,b,blend,filter,(NULL),(NULL),loop,timer,(NULL),(NULL),(NULL)
#DST_TEXT,0,0,285,159,420,30,0,255,255,255,255,1,1,0,0,-1,40,81,194,0
#DST_TEXT,0,500,285,159,420,30,0,255,255,255,255,1,1,0,0,-1,40,81,194,0
#DST_TEXT,0,750,285,159,420,30,0,0,255,255,255,1,1,0,0,,,,,

//タイトル,,,,,,,,,,,,,,,,,,,,
//SRC定義,(NULL),font,st,align,edit,,,,,,,,,,,,,,,
#SRC_TEXT,0,0,10,1,0,,,,,,,,,,,,,,,
//DST定義,(NULL),time,x,y,w,size,acc,a,r,g,b,blend,filter,(NULL),(NULL),loop,timer,(NULL),(NULL),(NULL)
#DST_TEXT,0,0,285,220,420,100,0,0,255,255,255,1,1,0,0,750,0,80,194,0
#DST_TEXT,0,500,285,220,420,100,0,0,255,255,255,1,1,0,0,750,0,80,194,0
#DST_TEXT,0,750,285,220,420,100,0,255,255,255,255,1,1,0,0,,,,,

//タイトル,,,,,,,,,,,,,,,,,,,,
//SRC定義,(NULL),font,st,align,edit,,,,,,,,,,,,,,,
#SRC_TEXT,0,0,10,1,0,,,,,,,,,,,,,,,
//DST定義,(NULL),time,x,y,w,size,acc,a,r,g,b,blend,filter,(NULL),(NULL),loop,timer,(NULL),(NULL),(NULL)
#DST_TEXT,0,0,285,220,420,100,0,255,255,255,255,1,1,0,0,-1,40,81,194,0
#DST_TEXT,0,500,285,220,420,100,0,255,255,255,255,1,1,0,0,-1,40,81,194,0
#DST_TEXT,0,750,285,220,420,100,0,0,255,255,255,1,1,0,0,,,,,

//サブタイトル,,,,,,,,,,,,,,,,,,,,
//SRC定義,(NULL),font,st,align,edit,,,,,,,,,,,,,,,
#SRC_TEXT,0,3,11,1,0,,,,,,,,,,,,,,,
//DST定義,(NULL),time,x,y,w,size,acc,a,r,g,b,blend,filter,(NULL),(NULL),loop,timer,(NULL),(NULL),(NULL)
#DST_TEXT,0,0,285,321,420,40,0,0,255,255,255,1,1,0,0,750,0,80,194,0
#DST_TEXT,0,500,285,321,420,40,0,0,255,255,255,1,1,0,0,750,0,80,194,0
#DST_TEXT,0,750,285,321,420,40,0,255,255,255,255,1,1,0,0,,,,,

//サブタイトル,,,,,,,,,,,,,,,,,,,,
//SRC定義,(NULL),font,st,align,edit,,,,,,,,,,,,,,,
#SRC_TEXT,0,3,11,1,0,,,,,,,,,,,,,,,
//DST定義,(NULL),time,x,y,w,size,acc,a,r,g,b,blend,filter,(NULL),(NULL),loop,timer,(NULL),(NULL),(NULL)
#DST_TEXT,0,0,285,321,420,40,0,255,255,255,255,1,1,0,0,-1,40,81,194,0
#DST_TEXT,0,500,285,321,420,40,0,255,255,255,255,1,1,0,0,-1,40,81,194,0
#DST_TEXT,0,750,285,321,420,40,0,0,255,255,255,1,1,0,0,,,,,

//アーティスト,,,,,,,,,,,,,,,,,,,,
//SRC定義,(NULL),font,st,align,edit,,,,,,,,,,,,,,,
#SRC_TEXT,0,3,14,1,0,,,,,,,,,,,,,,,
//DST定義,(NULL),time,x,y,w,size,acc,a,r,g,b,blend,filter,(NULL),(NULL),loop,timer,(NULL),(NULL),(NULL)
#DST_TEXT,0,0,285,510,420,40,0,0,255,255,255,1,1,0,0,750,0,80,194,0
#DST_TEXT,0,500,285,510,420,40,0,0,255,255,255,1,1,0,0,750,0,80,194,0
#DST_TEXT,0,750,285,510,420,40,0,255,255,255,255,1,1,0,0,,,,,

//アーティスト,,,,,,,,,,,,,,,,,,,,
//SRC定義,(NULL),font,st,align,edit,,,,,,,,,,,,,,,
#SRC_TEXT,0,3,14,1,0,,,,,,,,,,,,,,,
//DST定義,(NULL),time,x,y,w,size,acc,a,r,g,b,blend,filter,(NULL),(NULL),loop,timer,(NULL),(NULL),(NULL)
#DST_TEXT,0,0,285,510,420,40,0,255,255,255,255,1,1,0,0,-1,40,81,194,0
#DST_TEXT,0,500,285,510,420,40,0,255,255,255,255,1,1,0,0,-1,40,81,194,0
#DST_TEXT,0,750,285,510,420,40,0,0,255,255,255,1,1,0,0,,,,,

//BGAアーティスト,,,,,,,,,,,,,,,,,,,,
//SRC定義,(NULL),font,st,align,edit,,,,,,,,,,,,,,,
#SRC_TEXT,0,4,15,1,0,,,,,,,,,,,,,,,
//DST定義,(NULL),time,x,y,w,size,acc,a,r,g,b,blend,filter,(NULL),(NULL),loop,timer,(NULL),(NULL),(NULL)
#DST_TEXT,0,0,285,575,420,30,0,0,255,255,255,1,1,0,0,750,0,80,194,0
#DST_TEXT,0,500,285,575,420,30,0,0,255,255,255,1,1,0,0,750,0,80,194,0
#DST_TEXT,0,750,285,575,420,30,0,255,255,255,255,1,1,0,0,,,,,

//BGAアーティスト,,,,,,,,,,,,,,,,,,,,
//SRC定義,(NULL),font,st,align,edit,,,,,,,,,,,,,,,
#SRC_TEXT,0,4,15,1,0,,,,,,,,,,,,,,,
//DST定義,(NULL),time,x,y,w,size,acc,a,r,g,b,blend,filter,(NULL),(NULL),loop,timer,(NULL),(NULL),(NULL)
#DST_TEXT,0,0,285,575,420,30,0,255,255,255,255,1,1,0,0,-1,40,81,194,0
#DST_TEXT,0,500,285,575,420,30,0,255,255,255,255,1,1,0,0,-1,40,81,194,0
#DST_TEXT,0,750,285,575,420,30,0,0,255,255,255,1,1,0,0,,,,,

//BGA枠背景影1(BACKBMP)//option80 ロード未完了,//option195 BACKBMP有り,,,,,,,,,,,,,,,,,,,
//SRC定義,(NULL),gr,x,y,w,h,div_x,div_y,cycle,timer,op1,op2,op3,,,,,,,
#SRC_IMAGE,0,101,0,0,-1,-1,1,1,0,0,0,0,0,,,,,,,
//DST定義,(NULL),time,x,y,w,h,acc,a,r,g,b,blend,filter,angle,center,loop,timer,op1,op2,op3
#DST_IMAGE,0,0,15,56,576,576,0,0,255,255,255,3,1,0,0,750,0,80,195,0
#DST_IMAGE,0,500,15,56,576,576,0,0,255,255,255,3,1,0,0,750,0,80,195,0
#DST_IMAGE,0,750,15,56,576,576,0,255,255,255,255,3,1,0,0,,,,,

//BGA枠背景影1(BACKBMP)//option81 ロード完了,//option195 BACKBMP有り,,,,,,,,,,,,,,,,,,,
//SRC定義,(NULL),gr,x,y,w,h,div_x,div_y,cycle,timer,op1,op2,op3,,,,,,,
#SRC_IMAGE,0,101,0,0,-1,-1,1,1,0,0,0,0,0,,,,,,,
//DST定義,(NULL),time,x,y,w,h,acc,a,r,g,b,blend,filter,angle,center,loop,timer,op1,op2,op3
#DST_IMAGE,0,0,15,56,576,576,0,255,255,255,255,3,1,0,0,-1,40,81,195,0
#DST_IMAGE,0,500,15,56,576,576,0,255,255,255,255,3,1,0,0,-1,40,81,195,0
#DST_IMAGE,0,750,15,56,576,576,0,0,255,255,255,3,1,0,0,,,,,

//BGA枠背景影2(BACKBMP)//option80 ロード未完了,//option195 BACKBMP有り,,,,,,,,,,,,,,,,,,,
//SRC定義,(NULL),gr,x,y,w,h,div_x,div_y,cycle,timer,op1,op2,op3,,,,,,,
#SRC_IMAGE,0,101,0,0,-1,-1,1,1,0,0,0,0,0,,,,,,,
//DST定義,(NULL),time,x,y,w,h,acc,a,r,g,b,blend,filter,angle,center,loop,timer,op1,op2,op3
#DST_IMAGE,0,0,15,56,576,576,0,0,255,255,255,3,1,0,0,750,0,80,195,0
#DST_IMAGE,0,500,15,56,576,576,0,0,255,255,255,3,1,0,0,750,0,80,195,0
#DST_IMAGE,0,750,15,56,576,576,0,255,255,255,255,3,1,0,0,,,,,

//BGA枠背景影2(BACKBMP)//option81 ロード完了,//option195 BACKBMP有り,,,,,,,,,,,,,,,,,,,
//SRC定義,(NULL),gr,x,y,w,h,div_x,div_y,cycle,timer,op1,op2,op3,,,,,,,
#SRC_IMAGE,0,101,0,0,-1,-1,1,1,0,0,0,0,0,,,,,,,
//DST定義,(NULL),time,x,y,w,h,acc,a,r,g,b,blend,filter,angle,center,loop,timer,op1,op2,op3
#DST_IMAGE,0,0,15,56,576,576,0,255,255,255,255,3,1,0,0,-1,40,81,195,0
#DST_IMAGE,0,500,15,56,576,576,0,255,255,255,255,3,1,0,0,-1,40,81,195,0
#DST_IMAGE,0,750,15,56,576,576,0,0,255,255,255,3,1,0,0,,,,,

//BGA枠背景(BACKBMP)//option80 ロード未完了,//option195 BACKBMP有り,,,,,,,,,,,,,,,,,,,
//SRC定義,(NULL),gr,x,y,w,h,div_x,div_y,cycle,timer,op1,op2,op3,,,,,,,
#SRC_IMAGE,0,101,0,0,-1,-1,1,1,0,0,0,0,0,,,,,,,
//DST定義,(NULL),time,x,y,w,h,acc,a,r,g,b,blend,filter,angle,center,loop,timer,op1,op2,op3
#DST_IMAGE,0,0,15,56,576,576,0,0,255,255,255,2,1,0,0,750,0,80,195,0
#DST_IMAGE,0,500,15,56,576,576,0,0,255,255,255,2,1,0,0,750,0,80,195,0
#DST_IMAGE,0,750,15,56,576,576,0,255,255,255,255,2,1,0,0,,,,,

//BGA枠背景(BACKBMP)//option81 ロード完了,//option195 BACKBMP有り,,,,,,,,,,,,,,,,,,,
//SRC定義,(NULL),gr,x,y,w,h,div_x,div_y,cycle,timer,op1,op2,op3,,,,,,,
#SRC_IMAGE,0,101,0,0,-1,-1,1,1,0,0,0,0,0,,,,,,,
//DST定義,(NULL),time,x,y,w,h,acc,a,r,g,b,blend,filter,angle,center,loop,timer,op1,op2,op3
#DST_IMAGE,0,0,15,56,576,576,0,255,255,255,255,2,1,0,0,-1,40,81,195,0
#DST_IMAGE,0,500,15,56,576,576,0,255,255,255,255,2,1,0,0,-1,40,81,195,0
#DST_IMAGE,0,750,15,56,576,576,0,0,255,255,255,2,1,0,0,,,,,

//タイトルバーoption195 BACKBMP有り,,,,,,,,,,,,,,,,,,,,
//SRC定義,(NULL),gr,x,y,w,h,div_x,div_y,cycle,timer,op1,op2,op3,,,,,,,
#SRC_IMAGE,0,14,0,0,298,60,1,1,0,,,,,,,,,,,
//DST定義,(NULL),time,x,y,w,h,acc,a,r,g,b,blend,filter,angle,center,loop,timer,op1,op2,op3
#DST_IMAGE,0,0,80,69,420,90,0,255,255,255,255,2,1,0,0,-1,40,81,195,0
#DST_IMAGE,0,500,80,69,420,90,0,255,255,255,255,2,1,0,0,-1,40,81,195,0
#DST_IMAGE,0,750,80,69,420,90,0,0,255,255,255,2,1,0,0,,,,,

//タイトルバー,,,,,,,,,,,,,,,,,,,,
//SRC定義,(NULL),gr,x,y,w,h,div_x,div_y,cycle,timer,op1,op2,op3,,,,,,,
#SRC_IMAGE,0,14,0,0,298,60,1,1,0,,,,,,,,,,,
//DST定義,(NULL),time,x,y,w,h,acc,a,r,g,b,blend,filter,angle,center,loop,timer,op1,op2,op3
#DST_IMAGE,0,0,80,69,420,90,0,0,255,255,255,2,1,0,0,750,0,80,194,0
#DST_IMAGE,0,500,80,69,420,90,0,0,255,255,255,2,1,0,0,750,0,80,194,0
#DST_IMAGE,0,750,80,69,420,90,0,255,255,255,255,2,1,0,0,,,,,

//タイトルバー,,,,,,,,,,,,,,,,,,,,
//SRC定義,(NULL),gr,x,y,w,h,div_x,div_y,cycle,timer,op1,op2,op3,,,,,,,
#SRC_IMAGE,0,14,0,0,298,60,1,1,0,,,,,,,,,,,
//DST定義,(NULL),time,x,y,w,h,acc,a,r,g,b,blend,filter,angle,center,loop,timer,op1,op2,op3
#DST_IMAGE,0,0,80,69,420,90,0,255,255,255,255,2,1,0,0,-1,40,81,194,0
#DST_IMAGE,0,500,80,69,420,90,0,255,255,255,255,2,1,0,0,-1,40,81,194,0
#DST_IMAGE,0,750,80,69,420,90,0,0,255,255,255,2,1,0,0,,,,,

load未,,,,,,,,,,,,,,,,,,,,,
//SRC定義,(NULL),gr,x,y,w,h,div_x,div_y,cycle,timer,type,muki,,,,,,,,,
#SRC_BARGRAPH,0,12,404,414,388,2,1,1,0,0,2,0,,,,,,,,,
//DST定義,(NULL),time,x,y,w,h,acc,a,r,g,b,blend,filter,angle,center,loop,timer,op1,op1,op3,
#DST_BARGRAPH,0,0,91,604,388,2,0,0,255,255,255,0,0,0,0,300,0,80,0,0,
#DST_BARGRAPH,0,300,91,604,388,2,0,255,255,255,255,0,0,0,0,0,0,,,,
,,,,,,,,,,,,,,,,,,,,,
わく,,,,,,,,,,,,,,,,,,,,,
//SRC定義,(NULL),gr,x,y,w,h,div_x,div_y,cycle,timer,op1,op2,op3,,,,,,,,
#SRC_IMAGE,0,12,0,394,400,24,1,1,0,0,0,0,0,,,,,,,,
//DST定義,(NULL),time,x,y,w,h,acc,a,r,g,b,blend,filter,angle,center,loop,timer,op1,op2,op3,
#DST_IMAGE,0,0,86,594,400,24,0,0,255,255,255,1,0,0,0,300,0,80,0,0,
#DST_IMAGE,0,300,86,594,400,24,0,255,255,255,255,1,0,0,0,,,,,,
,,,,,,,,,,,,,,,,,,,,,
,,,,,,,,,,,,,,,,,,,,,
load完,,,,,,,,,,,,,,,,,,,,,
//SRC定義,(NULL),gr,x,y,w,h,div_x,div_y,cycle,timer,type,muki,,,,,,,,,
#SRC_BARGRAPH,0,12,404,414,388,2,1,1,0,0,2,0,,,,,,,,,
//DST定義,(NULL),time,x,y,w,h,acc,a,r,g,b,blend,filter,angle,center,loop,timer,op1,op1,op3,
#DST_BARGRAPH,0,0,91,604,388,2,0,255,255,255,255,1,0,0,0,-1,40,81,0,0,
#DST_BARGRAPH,0,500,91,604,388,2,0,0,255,255,255,1,0,0,0,0,0,,,,
,,,,,,,,,,,,,,,,,,,,,
わく,,,,,,,,,,,,,,,,,,,,,
//SRC定義,(NULL),gr,x,y,w,h,div_x,div_y,cycle,timer,op1,op2,op3,,,,,,,,
#SRC_IMAGE,0,12,0,394,400,24,1,1,0,0,0,0,0,,,,,,,,
//DST定義,(NULL),time,x,y,w,h,acc,a,r,g,b,blend,filter,angle,center,loop,timer,op1,op2,op3,
#DST_IMAGE,0,0,86,594,400,24,0,255,255,255,255,1,0,0,0,-1,40,81,0,0,
#DST_IMAGE,0,500,86,594,400,24,0,0,255,255,255,1,0,0,0,,,,,,


//Character
//SRC定義,(NULL),gr,x,y,w,h,div_x,div_y,cycle,timer,op1,op2,op3,,,,,,,
#SRC_IMAGE,0,20,0,0,-1,-1,1,1,0,0,0,0,0,,,,,,,
//DST定義,(NULL),time,x,y,w,h,acc,a,r,g,b,blend,filter,angle,center,loop,timer,op1,op2,op3
#DST_IMAGE,0,0,-400,0,1280,720,0,0,255,255,255,1,1,0,0,150,40,0,0,0
#DST_IMAGE,0,150,-400,0,1280,720,0,255,255,255,255,1,1,0,0,,,,,

///////////////////////////////////////////////////////////////////////////////////////////////////////////////,,,,,,,,,,,,,,,,,,,,
//フレーム,,,,,,,,,,,,,,,,,,,,

//本体,,,,,,,,,,,,,,,,,,,,
//SRC定義,(NULL),gr,x,y,w,h,div_x,div_y,cycle,timer,op1,op2,op3,,,,,,,
#SRC_IMAGE,0,2,0,1442,767,720,1,1,0,0,0,0,0,,,,,,,
//DST定義,(NULL),time,x,y,w,h,acc,a,r,g,b,blend,filter,angle,center,loop,timer,op1,op2,op3
#DST_IMAGE,0,0,0,360,767,2,0,0,255,255,255,1,0,0,0,400,,,,
#DST_IMAGE,0,400,0,0,767,720,0,255,255,255,255,1,0,0,0,,,,,

//フレームベース,,,,,,,,,,,,,,,,,,,,
//SRC定義,(NULL),gr,x,y,w,h,div_x,div_y,cycle,timer,op1,op2,op3,,,,,,,
#SRC_IMAGE,0,2,767,1442,513,720,1,1,0,0,0,0,0,,,,,,,
//DST定義,(NULL),time,x,y,w,h,acc,a,r,g,b,blend,filter,angle,center,loop,timer,op1,op2,op3
#DST_IMAGE,0,200,1280,0,513,720,0,0,255,255,255,1,0,0,0,700,,,,
#DST_IMAGE,0,700,767,0,513,720,0,255,255,255,255,1,0,0,0,,,,,


//ue,,,,,,,,,,,,,,,,,,,,
//SRC定義,(NULL),gr,x,y,w,h,div_x,div_y,cycle,timer,op1,op2,op3,,,,,,,
#SRC_IMAGE,0,2,1112,724,513,482,1,1,0,0,0,0,0,,,,,,,
//DST定義,(NULL),time,x,y,w,h,acc,a,r,g,b,blend,filter,angle,center,loop,timer,op1,op2,op3
#DST_IMAGE,0,500,767,-200,513,482,0,0,255,255,255,1,0,0,0,1000,,,,
#DST_IMAGE,0,1000,767,0,513,482,0,255,255,255,255,1,0,0,0,,,,,

//インフォ,,,,,,,,,,,,,,,,,,,,
//SRC定義,(NULL),gr,x,y,w,h,div_x,div_y,cycle,timer,op1,op2,op3,,,,,,,
#SRC_IMAGE,0,2,513,1059,513,86,1,1,0,0,0,0,0,,,,,,,
//DST定義,(NULL),time,x,y,w,h,acc,a,r,g,b,blend,filter,angle,center,loop,timer,op1,op2,op3
#DST_IMAGE,0,0,767,1280,513,86,0,255,255,255,255,1,1,0,0,500,,,,
#DST_IMAGE,0,500,767,634,513,86,0,255,255,255,255,1,1,0,0,,,,,


//GAUGE,,,,,,,,,,,,,,,,,,,,
//SRC定義,(NULL),gr,x,y,w,h,div_x,div_y,cycle,timer,op1,op2,op3,,,,,,,
#SRC_IMAGE,0,2,513,936,513,123,1,1,0,0,0,0,0,,,,,,,
//DST定義,(NULL),time,x,y,w,h,acc,a,r,g,b,blend,filter,angle,center,loop,timer,op1,op2,op3
#DST_IMAGE,0,500,1280,560,513,125,0,255,255,255,255,1,1,0,0,900,,,,
#DST_IMAGE,0,900,767,560,513,125,0,255,255,255,255,1,1,0,0,,,,,



//鍵盤,,,,,,,,,,,,,,,,,,,,
//SRC定義,(NULL),gr,x,y,w,h,div_x,div_y,cycle,timer,op1,op2,op3,,,,,,,
#SRC_IMAGE,0,2,1112,1207,513,113,1,1,0,0,0,0,0,,,,,,,
//DST定義,(NULL),time,x,y,w,h,acc,a,r,g,b,blend,filter,angle,center,loop,timer,op1,op2,op3
#DST_IMAGE,0,100,767,481,513,113,0,255,255,255,255,1,1,90,6,600,,,,
#DST_IMAGE,0,600,767,481,513,113,0,255,255,255,255,1,1,0,0,,,,,

//ueflash,,,,,,,,,,,,,,,,,,,,
//SRC定義,(NULL),gr,x,y,w,h,div_x,div_y,cycle,timer,op1,op2,op3,,,,,,,
#SRC_IMAGE,0,2,1112,724,513,482,1,1,0,0,0,0,0,,,,,,,
//DST定義,(NULL),time,x,y,w,h,acc,a,r,g,b,blend,filter,angle,center,loop,timer,op1,op2,op3
#DST_IMAGE,0,500,767,0,513,482,0,0,255,255,255,2,0,0,0,1000,,,,
#DST_IMAGE,0,800,767,0,513,482,0,255,255,255,255,2,0,0,0,,,,,
#DST_IMAGE,0,1000,767,0,513,482,0,0,255,255,255,2,0,0,0,,,,,



//オブジェクトベース1P,,,,,,,,,,,,,,,,,,,,
//SRC定義,(NULL),gr,x,y,w,h,div_x,div_y,cycle,timer,op1,op2,op3,,,,,,,
#SRC_IMAGE,0,6,592,852,288,482,1,1,0,0,0,0,0,,,,,,,
//DST定義,(NULL),time,x,y,w,h,acc,a,r,g,b,blend,filter,angle,center,loop,timer,op1,op2,op3
#DST_IMAGE,0,1400,797,0,432,0,0,0,255,255,255,1,0,0,0,1700,,,,
#DST_IMAGE,0,1700,797,0,432,482,0,255,255,255,255,1,0,0,0,,,,,

#IF,920
//オブジェクトベース1P,,,,,,,,,,,,,,,,,,,,
//SRC定義,(NULL),gr,x,y,w,h,div_x,div_y,cycle,timer,op1,op2,op3,,,,,,,
#SRC_IMAGE,0,110,0,0,1,1,1,1,0,0,0,0,0,,,,,,,
//DST定義,(NULL),time,x,y,w,h,acc,a,r,g,b,blend,filter,angle,center,loop,timer,op1,op2,op3
#DST_IMAGE,0,1400,797,0,432,0,0,0,255,255,255,1,0,0,0,1700,,,,
#DST_IMAGE,0,1700,797,0,432,482,0,0,255,255,255,1,0,0,0,,,,,
#ENDIF
#IF,921
//オブジェクトベース1P,,,,,,,,,,,,,,,,,,,,
//SRC定義,(NULL),gr,x,y,w,h,div_x,div_y,cycle,timer,op1,op2,op3,,,,,,,
#SRC_IMAGE,0,110,0,0,1,1,1,1,0,0,0,0,0,,,,,,,
//DST定義,(NULL),time,x,y,w,h,acc,a,r,g,b,blend,filter,angle,center,loop,timer,op1,op2,op3
#DST_IMAGE,0,1400,797,0,432,0,0,0,255,255,255,1,0,0,0,1700,,,,
#DST_IMAGE,0,1700,797,0,432,482,0,255,255,255,255,1,0,0,0,,,,,
#ENDIF
#IF,922
//オブジェクトベース1P,,,,,,,,,,,,,,,,,,,,
//SRC定義,(NULL),gr,x,y,w,h,div_x,div_y,cycle,timer,op1,op2,op3,,,,,,,
#SRC_IMAGE,0,110,0,0,1,1,1,1,0,0,0,0,0,,,,,,,
//DST定義,(NULL),time,x,y,w,h,acc,a,r,g,b,blend,filter,angle,center,loop,timer,op1,op2,op3
#DST_IMAGE,0,1400,797,0,432,0,0,0,255,255,255,1,0,0,0,1700,,,,
#DST_IMAGE,0,1700,797,0,432,482,0,175,255,255,255,1,0,0,0,,,,,
#ENDIF
#IF,923
//オブジェクトベース1P,,,,,,,,,,,,,,,,,,,,
//SRC定義,(NULL),gr,x,y,w,h,div_x,div_y,cycle,timer,op1,op2,op3,,,,,,,
#SRC_IMAGE,0,110,0,0,1,1,1,1,0,0,0,0,0,,,,,,,
//DST定義,(NULL),time,x,y,w,h,acc,a,r,g,b,blend,filter,angle,center,loop,timer,op1,op2,op3
#DST_IMAGE,0,1400,797,0,432,0,0,0,255,255,255,1,0,0,0,1700,,,,
#DST_IMAGE,0,1700,797,0,432,482,0,125,255,255,255,1,0,0,0,,,,,
#ENDIF
#IF,924
//オブジェクトベース1P,,,,,,,,,,,,,,,,,,,,
//SRC定義,(NULL),gr,x,y,w,h,div_x,div_y,cycle,timer,op1,op2,op3,,,,,,,
#SRC_IMAGE,0,110,0,0,1,1,1,1,0,0,0,0,0,,,,,,,
//DST定義,(NULL),time,x,y,w,h,acc,a,r,g,b,blend,filter,angle,center,loop,timer,op1,op2,op3
#DST_IMAGE,0,1400,797,0,432,0,0,0,255,255,255,1,0,0,0,1700,,,,
#DST_IMAGE,0,1700,797,0,432,482,0,75,255,255,255,1,0,0,0,,,,,
#ENDIF

//判定ラインエフェクト,//timer140 リズムタイマー,,,,,,,,,,,,,,,,,,,
//SRC定義,(NULL),gr,x,y,w,h,div_x,div_y,cycle,timer,op1,op2,op3,,,,,,,
#SRC_IMAGE,0,26,0,0,144,20,1,1,0,140,0,0,0,,,,,,,
//DST定義,(NULL),time,x,y,w,h,acc,a,r,g,b,blend,filter,angle,center,loop,timer,op1,op2,op3
#DST_IMAGE,0,0,797,446,432,30,0,255,255,255,255,2,0,0,0,0,140,0,0,0
#DST_IMAGE,0,700,797,446,432,30,0,0,255,255,255,2,0,0,0,,,,,
#DST_IMAGE,0,1000,797,446,432,30,0,0,255,255,255,2,0,0,0,,,,,
//SRC定義,(NULL),gr,x,y,w,h,div_x,div_y,cycle,timer,op1,op2,op3,,,,,,,
#SRC_IMAGE,0,26,0,0,144,20,1,1,0,140,0,0,0,,,,,,,
//DST定義,(NULL),time,x,y,w,h,acc,a,r,g,b,blend,filter,angle,center,loop,timer,op1,op2,op3
#DST_IMAGE,0,1800,797,446,432,30,0,0,255,255,255,2,0,0,0,1900,,,,
#DST_IMAGE,0,1900,797,446,432,30,0,75,255,255,255,2,0,0,0,,,,,
//////////////////////////////////////////////////////,,,,,,,,,,,,,,,,,,,,
//皿,,,,,,,,,,,,,,,,,,,,

//ベース,,,,,,,,,,,,,,,,,,,,,
//SRC定義,(NULL),gr,x,y,w,h,div_x,div_y,cycle,timer,op1,op2,op3,,,,,,,,
#SRC_IMAGE,0,7,0,0,25,28,1,1,0,0,0,0,0,,,,,,,,
//DST定義,(NULL),time,x,y,w,h,acc,a,r,g,b,blend,filter,angle,center,loop,timer,op1,op2,op3,
#DST_IMAGE,0,1200,1185,516,27,30,0,0,255,255,255,1,0,0,0,1350,,,,,
#DST_IMAGE,0,1350,1185,516,27,30,0,255,255,255,255,1,0,0,0,,,,,,
//回転部分,,,,,,,,,,,,,,,,,,,,,
//op4=1で皿回転が加わります(元の回転は無視されます),,,,,,,,,,,,,,,,,,,,,
//SRC定義,(NULL),gr,x,y,w,h,div_x,div_y,cycle,timer,op1,op2,op3,,,,,,,,
#SRC_IMAGE,0,7,25,0,25,28,1,1,0,0,0,0,0,,,,,,,,
//DST定義,(NULL),time,x,y,w,h,acc,a,r,g,b,blend,filter,angle,center,loop,timer,op1,op2,op3,op4
#DST_IMAGE,0,1200,1185,516,27,30,0,0,255,255,255,1,0,0,0,1350,0,0,0,0,1
#DST_IMAGE,0,1350,1185,516,27,30,0,255,255,255,255,1,0,0,0,0,0,0,0,0,

//[判定ライン],,,,,,,,,,,,,,,,,,,,,
//SRC定義,(NULL),gr,x,y,w,h,div_x,div_y,cycle,timer,op1,op2,op3,,,,,,,,
#SRC_JUDGELINE,0,25,0,0,144,6,1,1,0,0,0,0,0,,,,,,,,
//DST定義,(NULL),time,x,y,w,h,acc,a,r,g,b,blend,filter,angle,center,loop,timer,op1,op2,op3,
#DST_JUDGELINE,0,1700,797,476,432,0,0,255,255,255,255,1,0,0,0,1800,0,0,0,0,
#DST_JUDGELINE,0,1800,797,476,432,6,0,255,255,255,255,1,0,0,0,,,,,,

///////////////////////////////////////////////////////////////////////////////////////////////////////////////,,,,,,,,,,,,,,,,,,,,,
//レーザー,,,,,,,,,,,,,,,,,,,,,
//レーザーオン,timer100- 1Pレーザーオン,,,,,,,,,,,,,,,,,,,
//sc,,,,,,,,,,,,,,,,,,,,
//SRC定義,(NULL),gr,x,y,w,h,div_x,div_y,cycle,timer,op1,op2,op3,,,,,,,
#SRC_IMAGE,0,15,0,0,60,482,1,1,0,100,0,0,0,,,,,,,,
//DST定義,(NULL),time,x,y,w,h,acc,a,r,g,b,blend,filter,angle,center,loop,timer,op1,op2,op3
#DST_IMAGE,0,0,1139,481,90,0,0,321,255,255,255,1,0,0,0,100,100,0,0,0
#DST_IMAGE,0,100,1139,481,90,-481,0,255,255,255,255,1,0,0,0,,,,,

//1,,,,,,,,,,,,,,,,,,,,
//SRC定義,(NULL),gr,x,y,w,h,div_x,div_y,cycle,timer,op1,op2,op3,,,,,,,
#SRC_IMAGE,0,15,0,0,60,482,1,1,0,100,0,0,0,,,,,,,,
//DST定義,(NULL),time,x,y,w,h,acc,a,r,g,b,blend,filter,angle,center,loop,timer,op1,op2,op3
#DST_IMAGE,0,0,797,481,51,0,0,321,255,255,255,1,0,0,0,100,101,0,0,0
#DST_IMAGE,0,100,797,481,51,-481,0,255,255,255,255,1,0,0,0,,,,,

//2,,,,,,,,,,,,,,,,,,,,
//SRC定義,(NULL),gr,x,y,w,h,div_x,div_y,cycle,timer,op1,op2,op3,,,,,,,
#SRC_IMAGE,0,15,0,0,60,482,1,1,0,100,0,0,0,,,,,,,,
//DST定義,(NULL),time,x,y,w,h,acc,a,r,g,b,blend,filter,angle,center,loop,timer,op1,op2,op3
#DST_IMAGE,0,0,851,481,39,0,0,321,255,255,255,1,0,0,0,100,102,0,0,0
#DST_IMAGE,0,100,851,481,39,-481,0,255,255,255,255,1,0,0,0,,,,,

//3,,,,,,,,,,,,,,,,,,,,
//SRC定義,(NULL),gr,x,y,w,h,div_x,div_y,cycle,timer,op1,op2,op3,,,,,,,
#SRC_IMAGE,0,15,0,0,60,482,1,1,0,100,0,0,0,,,,,,,,
//DST定義,(NULL),time,x,y,w,h,acc,a,r,g,b,blend,filter,angle,center,loop,timer,op1,op2,op3
#DST_IMAGE,0,0,893,481,51,0,0,321,255,255,255,1,0,0,0,100,103,0,0,0
#DST_IMAGE,0,100,893,481,51,-481,0,255,255,255,255,1,0,0,0,,,,,

//4,,,,,,,,,,,,,,,,,,,,
//SRC定義,(NULL),gr,x,y,w,h,div_x,div_y,cycle,timer,op1,op2,op3,,,,,,,
#SRC_IMAGE,0,15,0,0,60,482,1,1,0,100,0,0,0,,,,,,,,
//DST定義,(NULL),time,x,y,w,h,acc,a,r,g,b,blend,filter,angle,center,loop,timer,op1,op2,op3
#DST_IMAGE,0,0,947,481,39,0,0,321,255,255,255,1,0,0,0,100,104,0,0,0
#DST_IMAGE,0,100,947,481,39,-481,0,255,255,255,255,1,0,0,0,,,,,

//5,,,,,,,,,,,,,,,,,,,,
//SRC定義,(NULL),gr,x,y,w,h,div_x,div_y,cycle,timer,op1,op2,op3,,,,,,,
#SRC_IMAGE,0,15,0,0,60,482,1,1,0,100,0,0,0,,,,,,,,
//DST定義,(NULL),time,x,y,w,h,acc,a,r,g,b,blend,filter,angle,center,loop,timer,op1,op2,op3
#DST_IMAGE,0,0,989,481,51,0,0,321,255,255,255,1,0,0,0,100,105,0,0,0
#DST_IMAGE,0,100,989,481,51,-481,0,255,255,255,255,1,0,0,0,,,,,

//6,,,,,,,,,,,,,,,,,,,,
//SRC定義,(NULL),gr,x,y,w,h,div_x,div_y,cycle,timer,op1,op2,op3,,,,,,,
#SRC_IMAGE,0,15,0,0,60,482,1,1,0,100,0,0,0,,,,,,,,
//DST定義,(NULL),time,x,y,w,h,acc,a,r,g,b,blend,filter,angle,center,loop,timer,op1,op2,op3
#DST_IMAGE,0,0,1043,481,39,0,0,321,255,255,255,1,0,0,0,100,106,0,0,0
#DST_IMAGE,0,100,1043,481,39,-481,0,255,255,255,255,1,0,0,0,,,,,

//7,,,,,,,,,,,,,,,,,,,,
//SRC定義,(NULL),gr,x,y,w,h,div_x,div_y,cycle,timer,op1,op2,op3,,,,,,,
#SRC_IMAGE,0,15,0,0,60,482,1,1,0,100,0,0,0,,,,,,,,
//DST定義,(NULL),time,x,y,w,h,acc,a,r,g,b,blend,filter,angle,center,loop,timer,op1,op2,op3
#DST_IMAGE,0,0,1085,481,51,0,0,321,255,255,255,1,0,0,0,100,107,0,0,0
#DST_IMAGE,0,100,1085,481,51,-481,0,255,255,255,255,1,0,0,0,,,,,

//レーザーオフ,timer120- 1Pレーザーオフ,,,,,,,,,,,,,,,,,,,27,21

//SC,,,,,,,,,,,,,,,,,,,,
//SRC定義,(NULL),gr,x,y,w,h,div_x,div_y,cycle,timer,op1,op2,op3,,,,,,,
#SRC_IMAGE,0,15,0,0,60,482,1,1,0,100,0,0,0,,,,,,,,
//DST定義,(NULL),time,x,y,w,h,acc,a,r,g,b,blend,filter,angle,center,loop,timer,op1,op2,op3
#DST_IMAGE,0,0,1139,481,90,-481,0,255,255,255,255,1,0,0,0,100,120,0,0,0
#DST_IMAGE,0,100,1185,481,0,-481,0,0,255,255,255,1,0,0,0,,,,,

//1,,,,,,,,,,,,,,,,,,,,
//SRC定義,(NULL),gr,x,y,w,h,div_x,div_y,cycle,timer,op1,op2,op3,,,,,,,
#SRC_IMAGE,0,15,0,0,60,482,1,1,0,100,0,0,0,,,,,,,,
//DST定義,(NULL),time,x,y,w,h,acc,a,r,g,b,blend,filter,angle,center,loop,timer,op1,op2,op3
#DST_IMAGE,0,0,797,481,51,-481,0,255,255,255,255,1,0,0,0,100,121,0,0,0
#DST_IMAGE,0,100,824,481,0,-481,0,0,255,255,255,1,0,0,0,,,,,

//2,,,,,,,,,,,,,,,,,,,,
//SRC定義,(NULL),gr,x,y,w,h,div_x,div_y,cycle,timer,op1,op2,op3,,,,,,,
#SRC_IMAGE,0,15,0,0,60,482,1,1,0,100,0,0,0,,,,,,,,
//DST定義,(NULL),time,x,y,w,h,acc,a,r,g,b,blend,filter,angle,center,loop,timer,op1,op2,op3
#DST_IMAGE,0,0,851,481,39,-481,0,255,255,255,255,1,0,0,0,100,122,0,0,0
#DST_IMAGE,0,100,872,481,0,-481,0,0,255,255,255,1,0,0,0,,,,,


//3,,,,,,,,,,,,,,,,,,,,
//SRC定義,(NULL),gr,x,y,w,h,div_x,div_y,cycle,timer,op1,op2,op3,,,,,,,
#SRC_IMAGE,0,15,0,0,60,482,1,1,0,100,0,0,0,,,,,,,,
//DST定義,(NULL),time,x,y,w,h,acc,a,r,g,b,blend,filter,angle,center,loop,timer,op1,op2,op3
#DST_IMAGE,0,0,893,481,51,-481,0,255,255,255,255,1,0,0,0,100,123,0,0,0
#DST_IMAGE,0,100,920,481,0,-481,0,0,255,255,255,1,0,0,0,,,,,


//4,,,,,,,,,,,,,,,,,,,,
//SRC定義,(NULL),gr,x,y,w,h,div_x,div_y,cycle,timer,op1,op2,op3,,,,,,,
#SRC_IMAGE,0,15,0,0,60,482,1,1,0,100,0,0,0,,,,,,,,
//DST定義,(NULL),time,x,y,w,h,acc,a,r,g,b,blend,filter,angle,center,loop,timer,op1,op2,op3
#DST_IMAGE,0,0,947,481,39,-481,0,255,255,255,255,1,0,0,0,100,124,0,0,0
#DST_IMAGE,0,100,968,481,0,-481,0,0,255,255,255,1,0,0,0,,,,,

//5,,,,,,,,,,,,,,,,,,,,
//SRC定義,(NULL),gr,x,y,w,h,div_x,div_y,cycle,timer,op1,op2,op3,,,,,,,
#SRC_IMAGE,0,15,0,0,60,482,1,1,0,100,0,0,0,,,,,,,,
//DST定義,(NULL),time,x,y,w,h,acc,a,r,g,b,blend,filter,angle,center,loop,timer,op1,op2,op3
#DST_IMAGE,0,0,989,481,51,-481,0,255,255,255,255,1,0,0,0,100,125,0,0,0
#DST_IMAGE,0,100,1016,481,0,-481,0,0,255,255,255,1,0,0,0,,,,,

//6,,,,,,,,,,,,,,,,,,,,
//SRC定義,(NULL),gr,x,y,w,h,div_x,div_y,cycle,timer,op1,op2,op3,,,,,,,
#SRC_IMAGE,0,15,0,0,60,482,1,1,0,100,0,0,0,,,,,,,,
//DST定義,(NULL),time,x,y,w,h,acc,a,r,g,b,blend,filter,angle,center,loop,timer,op1,op2,op3
#DST_IMAGE,0,0,1043,481,39,-481,0,255,255,255,255,1,0,0,0,100,126,0,0,0
#DST_IMAGE,0,100,1064,481,0,-481,0,0,255,255,255,1,0,0,0,,,,,

//7,,,,,,,,,,,,,,,,,,,,
//SRC定義,(NULL),gr,x,y,w,h,div_x,div_y,cycle,timer,op1,op2,op3,,,,,,,
#SRC_IMAGE,0,15,0,0,60,482,1,1,0,100,0,0,0,,,,,,,,
//DST定義,(NULL),time,x,y,w,h,acc,a,r,g,b,blend,filter,angle,center,loop,timer,op1,op2,op3
#DST_IMAGE,0,0,1085,481,51,-481,0,255,255,255,255,1,0,0,0,100,127,0,0,0
#DST_IMAGE,0,100,1112,481,0,-481,0,0,255,255,255,1,0,0,0,,,,,



/////////////////////////////////////////////////////////////////////////////////////////////////,,,,,,,,,,,,,,,,,,,,
//ノート関連定義,,,,,,,,,,,,,,,,,,,,
//[小節線],,,,,,,,,,,,,,,,,,,,
//小節線0が1P側、1が2P側,,,,,,,,,,,,,,,,,,,,
#IF,950
//SRC定義,(NULL),gr,x,y,w,h,div_x,div_y,cycle,timer,op1,op2,op3,,,,,,,
#SRC_LINE,0,6,248,322,144,1,1,1,0,0,0,0,0,,,,,,,
//DST定義,(NULL),time,x,y,w,h,acc,a,r,g,b,blend,filter,angle,center,loop,timer,op1,op2,op3
#DST_LINE,0,0,25,320,144,1,0,255,255,255,255,1,0,0,0,0,0,0,0,0
#ELSEIF,951
//SRC定義,(NULL),gr,x,y,w,h,div_x,div_y,cycle,timer,op1,op2,op3,,,,,,,
#SRC_LINE,0,6,0,390,1,1,1,1,0,0,0,0,0,,,,,,,
//DST定義,(NULL),time,x,y,w,h,acc,a,r,g,b,blend,filter,angle,center,loop,timer,op1,op2,op3
#DST_LINE,0,0,797,480,432,2,0,255,255,255,255,1,0,0,0,0,0,0,0,0
#ENDIF
//[ノート関連定義],,,,,,,,,,,,,,,,,,,,
//indexは、0がスクラッチ、1～9が鍵盤です,,,,,,,,,,,,,,,,,,,,
//pmsの場合は、index1-9で定義して下さい。pms本体の記述形式とは異なり、2P側のレーンは使用していません。,,,,,,,,,,,,,,,,,,,,
//+10で2P側,,,,,,,,,,,,,

#SRC_NOTE,0,8,0,0,60,24,1,1,0,0,0,0,0,,,,,,,,
#SRC_NOTE,1,8,61,0,34,24,1,1,0,0,0,0,0,,,,,,,,
#SRC_NOTE,2,8,96,0,26,24,1,1,0,0,0,0,0,,,,,,,,
#SRC_NOTE,3,8,61,0,34,24,1,1,0,0,0,0,0,,,,,,,,
#SRC_NOTE,4,8,96,0,26,24,1,1,0,0,0,0,0,,,,,,,,
#SRC_NOTE,5,8,61,0,34,24,1,1,0,0,0,0,0,,,,,,,,
#SRC_NOTE,6,8,96,0,26,24,1,1,0,0,0,0,0,,,,,,,,
#SRC_NOTE,7,8,61,0,34,24,1,1,0,0,0,0,0,,,,,,,,
#SRC_AUTO_NOTE,0,8,123,0,60,24,1,1,0,0,0,0,0,,,,,,,,
#SRC_LN_END,0,8,0,51,60,24,1,1,0,0,0,0,0,,,,,,,,
#SRC_LN_END,1,8,61,51,34,24,1,1,0,0,0,0,0,,,,,,,,
#SRC_LN_END,2,8,96,51,26,24,1,1,0,0,0,0,0,,,,,,,,
#SRC_LN_END,3,8,61,51,34,24,1,1,0,0,0,0,0,,,,,,,,
#SRC_LN_END,4,8,96,51,26,24,1,1,0,0,0,0,0,,,,,,,,
#SRC_LN_END,5,8,61,51,34,24,1,1,0,0,0,0,0,,,,,,,,
#SRC_LN_END,6,8,96,51,26,24,1,1,0,0,0,0,0,,,,,,,,
#SRC_LN_END,7,8,61,51,34,24,1,1,0,0,0,0,0,,,,,,,,
#SRC_AUTO_LN_END,0,8,123,51,60,24,1,1,0,0,0,0,0,,,,,,,,
#SRC_LN_START,0,8,0,76,60,24,1,1,0,0,0,0,0,,,,,,,,
#SRC_LN_START,1,8,61,76,34,24,1,1,0,0,0,0,0,,,,,,,,
#SRC_LN_START,2,8,96,76,26,24,1,1,0,0,0,0,0,,,,,,,,
#SRC_LN_START,3,8,61,76,34,24,1,1,0,0,0,0,0,,,,,,,,
#SRC_LN_START,4,8,96,76,26,24,1,1,0,0,0,0,0,,,,,,,,
#SRC_LN_START,5,8,61,76,34,24,1,1,0,0,0,0,0,,,,,,,,
#SRC_LN_START,6,8,96,76,26,24,1,1,0,0,0,0,0,,,,,,,,
#SRC_LN_START,7,8,61,76,34,24,1,1,0,0,0,0,0,,,,,,,,
#SRC_AUTO_LN_START,0,8,123,76,60,24,1,1,0,0,0,0,0,,,,,,,,
#SRC_LN_BODY,0,8,0,101,60,24,1,24,266,70,0,0,0,,,,,,,,
#SRC_LN_BODY,1,8,61,101,34,24,1,24,266,71,0,0,0,,,,,,,,
#SRC_LN_BODY,2,8,96,101,26,24,1,24,266,72,0,0,0,,,,,,,,
#SRC_LN_BODY,3,8,61,101,34,24,1,24,266,73,0,0,0,,,,,,,,
#SRC_LN_BODY,4,8,96,101,26,24,1,24,266,74,0,0,0,,,,,,,,
#SRC_LN_BODY,5,8,61,101,34,24,1,24,266,75,0,0,0,,,,,,,,
#SRC_LN_BODY,6,8,96,101,26,24,1,24,266,76,0,0,0,,,,,,,,
#SRC_LN_BODY,7,8,61,101,34,24,1,24,266,77,0,0,0,,,,,,,,
#SRC_AUTO_LN_BODY,0,8,123,101,60,24,1,24,266,70,0,0,0,,,,,,,,
#SRC_MINE,0,8,0,25,60,24,1,1,0,0,0,0,0,,,,,,,,
#SRC_MINE,1,8,61,25,34,24,1,1,0,0,0,0,0,,,,,,,,
#SRC_MINE,2,8,96,25,26,24,1,1,0,0,0,0,0,,,,,,,,
#SRC_MINE,3,8,61,25,34,24,1,1,0,0,0,0,0,,,,,,,,
#SRC_MINE,4,8,96,25,26,24,1,1,0,0,0,0,0,,,,,,,,
#SRC_MINE,5,8,61,25,34,24,1,1,0,0,0,0,0,,,,,,,,
#SRC_MINE,6,8,96,25,26,24,1,1,0,0,0,0,0,,,,,,,,
#SRC_MINE,7,8,61,25,34,24,1,1,0,0,0,0,0,,,,,,,,
#SRC_AUTO_MINE,0,2,123,25,60,24,1,1,0,0,0,0,0,,,,,,,,

//ノート落下地点,,,,,,,,,,,,,,,,,,,,
//DST定義,index,time,x,y,w,h,acc,a,r,g,b,blend,filter,angle,center,loop,timer,op1,op2,op3
#DST_NOTE,0,0,1139,464,90,27,0,255,255,255,255,0,0,0,0,0,0,0,0,0
#DST_NOTE,1,0,797,464,51,27,0,255,255,255,255,0,0,0,0,0,0,0,0,0
#DST_NOTE,2,0,851,464,39,27,0,255,255,255,255,0,0,0,0,0,0,0,0,0
#DST_NOTE,3,0,893,464,51,27,0,255,255,255,255,0,0,0,0,0,0,0,0,0
#DST_NOTE,4,0,947,464,39,27,0,255,255,255,255,0,0,0,0,0,0,0,0,0
#DST_NOTE,5,0,989,464,51,27,0,255,255,255,255,0,0,0,0,0,0,0,0,0
#DST_NOTE,6,0,1043,464,39,27,0,255,255,255,255,0,0,0,0,0,0,0,0,0
#DST_NOTE,7,0,1085,464,51,27,0,255,255,255,255,0,0,0,0,0,0,0,0,0


///////////////////////////////////////////////////////////////////////////////////////////////////////////////,,,,,,,,,,,,,,,,,,,,

//STAGE,,,,,,,,,,,,,,,,,,,,
//FREE1,,,,,,,,,,,,,,,,,,,,
//SRC定義,(NULL),gr,x,y,w,h,div_x,div_y,cycle,timer,op1,op2,op3,,,,,,,
#SRC_IMAGE,0,6,0,1262,205,27,1,1,0,0,0,0,0,,,,,,,

#IF,33,,,,,,,,,,,,,,,,,,,
//DEMO,option33 autoplay on,,,,,,,,,,,,,,,,,,,
//SRC定義,(NULL),gr,x,y,w,h,div_x,div_y,cycle,timer,op1,op2,op3,,,,,,,
#SRC_IMAGE,0,6,150,1112,205,27,1,1,0,0,0,0,0,,,,,,,
#ENDIF,,,,,,,,,,,,,,,,,,,,

//DST定義,(NULL),time,x,y,w,h,acc,a,r,g,b,blend,filter,angle,center,loop,timer,op1,op2,op3
#DST_IMAGE,0,0,12,11,205,27,0,0,255,255,255,1,0,0,0,500,0,0,0,0
#DST_IMAGE,0,500,12,11,205,27,0,255,255,255,255,1,0,0,0

//DIFFICULTY,,,,,,,,,,,,,,,

#IF,150
//BEGINNER,option151 difficulty1 (easy),,,,,,,,,,,,,,
//SRC定義,(NULL),gr,x,y,w,h,div_x,div_y,cycle,timer,op1,op2,op3,,
#SRC_IMAGE,0,21,0,0,153,32,1,1,0,0,0,0,0,,
#ENDIF,,,,,,,,,,,,,

#IF,151
//BEGINNER,option151 difficulty1 (easy),,,,,,,,,,,,,,
//SRC定義,(NULL),gr,x,y,w,h,div_x,div_y,cycle,timer,op1,op2,op3,,
#SRC_IMAGE,0,21,0,32,153,32,1,1,0,0,0,0,0,,
#ENDIF,,,,,,,,,,,,,

#IF,152,,,,,,,,,,,,,,
//NORMAL,option152 difficulty2 (normal),,,,,,,,,,,,,,
//SRC定義,(NULL),gr,x,y,w,h,div_x,div_y,cycle,timer,op1,op2,op3,,
#SRC_IMAGE,0,21,0,64,153,32,1,1,0,0,0,0,0,,
#ENDIF,,,,,,,,,,,,,

#IF,153,,,,,,,,,,,,
//HYPER,option153 difficulty3 (hyper),,,,,,,,,,,,
//SRC定義,(NULL),gr,x,y,w,h,div_x,div_y,cycle,timer,op1,op2,op3
#SRC_IMAGE,0,21,0,96,153,32,1,1,0,0,0,0,0
#ENDIF,,,,,,,,,,,,,

#IF,154,,,,,,,,,,,,
//ANOTHER,option154 difficulty4 (another),,,,,,,,,,,,
//SRC定義,(NULL),gr,x,y,w,h,div_x,div_y,cycle,timer,op1,op2,op3
#SRC_IMAGE,0,21,0,128,153,32,1,1,0,0,0,0,0
#ENDIF,,,,,,,,,,,,,

#IF,155,,,,,,,,,,,,
//MANIAC,option155 difficulty5 (maniac),,,,,,,,,,,,
//SRC定義,(NULL),gr,x,y,w,h,div_x,div_y,cycle,timer,op1,op2,op3,,,,,,,
#SRC_IMAGE,0,21,0,160,153,32,1,1,0,0,0,0,0,,,,,,,
#ENDIF,,,,,,,,,,,,,,,,,,,,

//DST定義,(NULL),time,x,y,w,h,acc,a,r,g,b,blend,filter,angle,center,loop,timer,op1,op2,op3
#DST_IMAGE,0,1000,1078,675,153,32,0,0,255,255,255,1,0,0,0,1500,0,0,0,0
#DST_IMAGE,0,1500,1078,675,153,32,0,255,255,255,255,1,0,0,0,0,5600,0,0,0
#DST_IMAGE,0,3800,1078,675,153,32,0,255,255,255,255,1,0,0,0,0,0,0,0,0
#DST_IMAGE,0,4800,1078,675,153,32,0,140,255,255,255,1,0,0,0,0,0,0,0,0
#DST_IMAGE,0,5600,1078,675,153,32,0,255,255,255,255,1,0,0,0,0,0,0,0,0

//レベル表示
-Beginner-
#SRC_NUMBER,0,22,0,0,-1,-1,10,1,0,0,45,0,2,,,,,,,
//DST定義,(NULL),time,x,y,w,h,acc,a,r,g,b,blend,filter,angle,center,loop,timer,op1,op2,op3
#DST_NUMBER,0,1000,1197,686,11,10,0,0,255,255,255,1,1,0,0,1500,0,151,0,0
#DST_NUMBER,0,1500,1197,686,11,10,0,230,255,255,255,1,1,0,0,,,,,
-Normal-
#SRC_NUMBER,0,22,0,0,-1,-1,10,1,0,0,46,0,2,,,,,,,
//DST定義,(NULL),time,x,y,w,h,acc,a,r,g,b,blend,filter,angle,center,loop,timer,op1,op2,op3
#DST_NUMBER,0,1000,1197,686,11,10,0,0,255,255,255,1,1,0,0,1500,0,152,0,0
#DST_NUMBER,0,1500,1197,686,11,10,0,230,255,255,255,1,1,0,0,,,,,
-Hyper-
#SRC_NUMBER,0,22,0,0,-1,-1,10,1,0,0,47,0,2,,,,,,,
//DST定義,(NULL),time,x,y,w,h,acc,a,r,g,b,blend,filter,angle,center,loop,timer,op1,op2,op3
#DST_NUMBER,0,1000,1197,686,11,10,0,0,255,255,255,1,1,0,0,1500,0,153,0,0
#DST_NUMBER,0,1500,1197,686,11,10,0,230,255,255,255,1,1,0,0,,,,,
-Another-
#SRC_NUMBER,0,22,0,0,-1,-1,10,1,0,0,48,0,2,,,,,,,
//DST定義,(NULL),time,x,y,w,h,acc,a,r,g,b,blend,filter,angle,center,loop,timer,op1,op2,op3
#DST_NUMBER,0,1000,1197,686,11,10,0,0,255,255,255,1,1,0,0,1500,0,154,0,0
#DST_NUMBER,0,1500,1197,686,11,10,0,230,255,255,255,1,1,0,0,,,,,
-Insane-
#SRC_NUMBER,0,22,0,0,-1,-1,10,1,0,0,49,0,2,,,,,,,
//DST定義,(NULL),time,x,y,w,h,acc,a,r,g,b,blend,filter,angle,center,loop,timer,op1,op2,op3
#DST_NUMBER,0,1000,1197,686,11,10,0,0,255,255,255,1,1,0,0,1500,0,155,0,0
#DST_NUMBER,0,1500,1197,686,11,10,0,230,255,255,255,1,1,0,0,,,,,


//カバー,,,,,,,,,,,,,,,,,,,,


//スコアグラフ,,,,,,,,,,,,,,,,,,,,
//上方向に伸ばすために、hを負の値に、mukiを1に指定します。,,,,,,,,,,,,,,,,,,,,
//option32 autoplay off,,,,,,,,,,,,,,,,,,,,
//option39 scoregraph on,,,,,,,,,,,,,,,,,,,,
//timer40 READY,,,,,,,,,,,,,,,,,,,,

//スコアグラフフレーム,,,,,,,,,,,,,,,,,,,,
//SRC定義,(NULL),gr,x,y,w,h,div_x,div_y,cycle,timer,op1,op2,op3,,,,,,,
#SRC_IMAGE,0,2,1284,0,179,591,1,1,0,0,0,0,0,,,,,,,
//DST定義,(NULL),time,x,y,w,h,acc,a,r,g,b,blend,filter,angle,center,loop,timer,op1,op2,op3
#DST_IMAGE,0,0,688,46,179,591,0,0,255,255,255,1,0,0,0,500,0,32,39,0
#DST_IMAGE,0,500,588,46,179,591,0,255,255,255,255,1,0,0,0,0,0,32,39,0

//AAA確定,//option220 AAA確定,,,,,,,,,,,,,,,,,,,
//SRC定義,(NULL),gr,x,y,w,h,div_x,div_y,cycle,timer,op1,op2,op3,,,,,,,
#SRC_IMAGE,0,12,1,1,1,1,1,1,0,40,0,0,0,,,,,,,
//DST定義,(NULL),time,x,y,w,h,acc,a,r,g,b,blend,filter,angle,center,loop,timer,op1,op2,op3
#DST_IMAGE,0,0,588,104,179,2,0,255,255,255,255,1,0,0,0,0,40,32,39,220

//AA確定,//option221 AA確定,,,,,,,,,,,,,,,,,,,
//SRC定義,(NULL),gr,x,y,w,h,div_x,div_y,cycle,timer,op1,op2,op3,,,,,,,
#SRC_IMAGE,0,12,1,1,1,1,1,1,0,40,0,0,0,,,,,,,
//DST定義,(NULL),time,x,y,w,h,acc,a,r,g,b,blend,filter,angle,center,loop,timer,op1,op2,op3
#DST_IMAGE,0,0,588,159,179,2,0,255,255,255,255,1,0,0,0,0,40,32,39,221

//A確定,//option222 A確定,,,,,,,,,,,,,,,,,,,
//SRC定義,(NULL),gr,x,y,w,h,div_x,div_y,cycle,timer,op1,op2,op3,,,,,,,
#SRC_IMAGE,0,12,1,1,1,1,1,1,0,40,0,0,0,,,,,,,
//DST定義,(NULL),time,x,y,w,h,acc,a,r,g,b,blend,filter,angle,center,loop,timer,op1,op2,op3
#DST_IMAGE,0,0,588,212,179,2,0,255,255,255,255,1,0,0,0,0,40,32,39,222

//now score,//type10 1P EXSCORE,,,,,,,,,,,,,,,,,,,
//SRC定義,(NULL),gr,x,y,w,h,div_x,div_y,cycle,timer,type,muki,op3,,,,,,,
#SRC_BARGRAPH,0,17,0,0,896,448,896,1,10000,0,10,1,0,,,,,,,
//DST定義,(NULL),time,x,y,w,h,acc,a,r,g,b,blend,filter,angle,center,loop,timer,op1,op2,op3
#DST_BARGRAPH,0,250,713,537,32,0,2,255,255,255,255,1,0,0,0,1250,0,32,39,0
#DST_BARGRAPH,0,1250,713,537,32,-486,2,255,255,255,255,1,0,0,0,,,,,

//mybest bg,//type13 1P HIGHSCORE最終値,,,,,,,,,,,,,,,,,,,
//SRC定義,(NULL),gr,x,y,w,h,div_x,div_y,cycle,timer,type,muki,op3,,,,,,,
#SRC_BARGRAPH,0,12,50,0,34,249,1,1,0,0,13,1,0,,,,,,,
//DST定義,(NULL),time,x,y,w,h,acc,a,r,g,b,blend,filter,angle,center,loop,timer,op1,op2,op3
#DST_BARGRAPH,0,250,666,537,34,0,2,255,255,255,255,1,0,0,0,1250,0,32,39,0
#DST_BARGRAPH,0,1250,666,537,34,-486,2,255,255,255,255,1,0,0,0,,,,,

//mybest(FirstTry),//type10 1P EXSCORE,,,,//option100 NOT PLAYED,,,,,,,,,,,,,,,
//SRC定義,(NULL),gr,x,y,w,h,div_x,div_y,cycle,timer,type,muki,op3,,,,,,,
#SRC_BARGRAPH,0,17,0,449,896,448,896,1,10000,0,10,1,0,,,,,,,
//DST定義,(NULL),time,x,y,w,h,acc,a,r,g,b,blend,filter,angle,center,loop,timer,op1,op2,op3
#DST_BARGRAPH,0,250,667,537,32,0,2,255,255,255,255,1,0,0,0,1250,0,32,39,100
#DST_BARGRAPH,0,1250,667,537,32,-486,2,255,255,255,255,1,0,0,0,,,,,

//mybest,//type12 1P HIGHSCORE現在値,,,,,,,,,,,,,,,,,,,
//SRC定義,(NULL),gr,x,y,w,h,div_x,div_y,cycle,timer,type,muki,op3,,,,,,,
#SRC_BARGRAPH,0,17,0,449,896,448,896,1,10000,0,12,1,0,,,,,,,
//DST定義,(NULL),time,x,y,w,h,acc,a,r,g,b,blend,filter,angle,center,loop,timer,op1,op2,op3
#DST_BARGRAPH,0,250,667,537,32,0,2,255,255,255,255,1,0,0,0,1250,0,32,39,0
#DST_BARGRAPH,0,1250,667,537,32,-486,2,255,255,255,255,1,0,0,0,,,,,

//target bg,//type15 2P(target) EXSCORE最終値,,,,,,,,,,,,,,,,,,,
//SRC定義,(NULL),gr,x,y,w,h,div_x,div_y,cycle,timer,type,muki,op3,,,,,,,
#SRC_BARGRAPH,0,12,50,0,34,249,1,1,0,0,15,1,0,,,,,,,
//DST定義,(NULL),time,x,y,w,h,acc,a,r,g,b,blend,filter,angle,center,loop,timer,op1,op2,op3
#DST_BARGRAPH,0,250,616,537,34,0,2,255,255,255,255,1,0,0,0,1250,0,32,39,0
#DST_BARGRAPH,0,1250,616,537,34,-486,2,255,255,255,255,1,0,0,0,,,,,

//target,//type14 2P(target) EXSCORE現在値,,,,,,,,,,,,,,,,,,,
//SRC定義,(NULL),gr,x,y,w,h,div_x,div_y,cycle,timer,type,muki,op3,,,,,,,
#SRC_BARGRAPH,0,17,0,898,896,448,896,1,10000,0,14,1,0,,,,,,,
//DST定義,(NULL),time,x,y,w,h,acc,a,r,g,b,blend,filter,angle,center,loop,timer,op1,op2,op3
#DST_BARGRAPH,0,250,617,537,32,0,2,255,255,255,255,1,0,0,0,1250,0,32,39,0
#DST_BARGRAPH,0,1250,617,537,32,-486,2,255,255,255,255,1,0,0,0,,,,,


//MY EXSCORE,//number101 exscore,,,,,,,,,,,,,,,,,,,
//SRC定義,(null),gr,x,y,w,h,div_x,div_y,cycle,timer,num,align,keta,,,,,,,
#SRC_NUMBER,0,6,0,1298,253,20,11,1,0,0,101,0,4,,,,,,,
//DST定義,(NULL),time,x,y,w,h,acc,a,r,g,b,blend,filter,angle,center,loop,timer,op1,op2,op3
#DST_NUMBER,0,0,680,550,20,17,0,255,255,255,255,1,1,0,0,0,0,32,39,0


//TARGET EXSCORE,//number151 ターゲット現在値,,,,,,,,,,,,,,,,,,,
//SRC定義,(null),gr,x,y,w,h,div_x,div_y,cycle,timer,num,align,keta,,,,,,,
#SRC_NUMBER,0,6,0,1298,253,20,11,1,0,0,151,0,4,,,,,,,
//DST定義,(NULL),time,x,y,w,h,acc,a,r,g,b,blend,filter,angle,center,loop,timer,op1,op2,op3
#DST_NUMBER,0,0,680,608,20,17,0,255,255,255,255,1,1,0,0,0,0,32,39,0



//キーフラッシュ,//timer100- キーオンタイマー,,,,,,,,,,,,,,,,,,,

//1,,,,,,,,,,,,,,,,,,,,
//SRC定義,(NULL),gr,x,y,w,h,div_x,div_y,cycle,timer,op1,op2,op3,,,,,,,
#SRC_IMAGE,0,24,0,0,13,31,1,1,0,101,0,0,0,,,,,,,
//DST定義,(NULL),time,x,y,w,h,acc,a,r,g,b,blend,filter,angle,center,loop,timer,op1,op2,op3
#DST_IMAGE,0,0,803,495,39,59,0,255,255,255,255,2,0,0,0,0,101,0,0,0

//2,,,,,,,,,,,,,,,,,,,,
//SRC定義,(NULL),gr,x,y,w,h,div_x,div_y,cycle,timer,op1,op2,op3,,,,,,,
#SRC_IMAGE,0,24,0,0,13,31,1,1,0,102,0,0,0,,,,,,,
//DST定義,(NULL),time,x,y,w,h,acc,a,r,g,b,blend,filter,angle,center,loop,timer,op1,op2,op3
#DST_IMAGE,0,0,856,488,29,47,0,255,255,255,255,2,0,0,0,0,102,0,0,0

//3,,,,,,,,,,,,,,,,,,,,
//SRC定義,(NULL),gr,x,y,w,h,div_x,div_y,cycle,timer,op1,op2,op3,,,,,,,
#SRC_IMAGE,0,24,0,0,13,31,1,1,0,103,0,0,0,,,,,,,
//DST定義,(NULL),time,x,y,w,h,acc,a,r,g,b,blend,filter,angle,center,loop,timer,op1,op2,op3
#DST_IMAGE,0,0,899,495,39,59,0,255,255,255,255,2,0,0,0,0,103,0,0,0

//4,,,,,,,,,,,,,,,,,,,,
//SRC定義,(NULL),gr,x,y,w,h,div_x,div_y,cycle,timer,op1,op2,op3,,,,,,,
#SRC_IMAGE,0,24,0,0,13,31,1,1,0,104,0,0,0,,,,,,,
//DST定義,(NULL),time,x,y,w,h,acc,a,r,g,b,blend,filter,angle,center,loop,timer,op1,op2,op3
#DST_IMAGE,0,0,952,488,29,47,0,255,255,255,255,2,0,0,0,0,104,0,0,0

//5,,,,,,,,,,,,,,,,,,,,
//SRC定義,(NULL),gr,x,y,w,h,div_x,div_y,cycle,timer,op1,op2,op3,,,,,,,
#SRC_IMAGE,0,24,0,0,13,31,1,1,0,105,0,0,0,,,,,,,
//DST定義,(NULL),time,x,y,w,h,acc,a,r,g,b,blend,filter,angle,center,loop,timer,op1,op2,op3
#DST_IMAGE,0,0,995,495,39,59,0,255,255,255,255,2,0,0,0,0,105,0,0,0

//6,,,,,,,,,,,,,,,,,,,,
//SRC定義,(NULL),gr,x,y,w,h,div_x,div_y,cycle,timer,op1,op2,op3,,,,,,,
#SRC_IMAGE,0,24,0,0,13,31,1,1,0,106,0,0,0,,,,,,,
//DST定義,(NULL),time,x,y,w,h,acc,a,r,g,b,blend,filter,angle,center,loop,timer,op1,op2,op3
#DST_IMAGE,0,0,1048,488,29,47,0,255,255,255,255,2,0,0,0,0,106,0,0,0

//7,,,,,,,,,,,,,,,,,,,,
//SRC定義,(NULL),gr,x,y,w,h,div_x,div_y,cycle,timer,op1,op2,op3,,,,,,,
#SRC_IMAGE,0,24,0,0,13,31,1,1,0,107,0,0,0,,,,,,,
//DST定義,(NULL),time,x,y,w,h,acc,a,r,g,b,blend,filter,angle,center,loop,timer,op1,op2,op3
#DST_IMAGE,0,0,1091,495,39,59,0,255,255,255,255,2,0,0,0,0,107,0,0,0



//サドプラ,,,,,,,,,,,,,,,,,,,,
//スライダーの一種として扱います,,,,,,,,,,,,,,,,,,,,
//1P 4 2P 5,,,,,,,,,,,,,,,,,,,,
//SRC定義,index,gr,x,y,w,h,div_x,div_y,cycle,timer,muki,range,type,disable,,,,,,
#SRC_SLIDER,0,5,0,0,288,484,1,1,0,0,2,484,4,1,,,,,,
//DST定義,index,time,x,y,w,h,acc,a,r,g,b,blend,filter,angle,center,loop,timer,op1,op2,op3
#DST_SLIDER,0,250,797,-968,432,484,2,255,255,255,255,1,0,0,0,750,0,0,0,0
#DST_SLIDER,0,750,797,-484,432,484,2,255,255,255,255,1,0,0,0,,,,,

//曲進行状態,,,,,,,,,,,,,,,,,,,,
//スライダーとして扱います,,,,,,,,,,,,,,,,,,,,

//leftアルファ,,,,,,,,,,,,,,,,,,,,
//SRC定義,(null),gr,x,y,w,h,div_x,div_y,cycle,timer,muki,range,type,disable,,,,,,
#SRC_SLIDER,0,10,0,0,24,30,1,1,0,0,2,406,6,1,,,,,,
//DST定義,(null),time,x,y,w,h,acc,a,r,g,b,blend,filter,angle,center,loop,timer,op1,op2,op3
#DST_SLIDER,0,250,1231,252,26,30,2,255,255,255,255,1,1,0,0,1250,0,0,0,0
#DST_SLIDER,0,1250,1231,30,26,30,2,255,255,255,255,1,1,,,,,,,

//left加算 ロード中,,,,,,,,,,,,,,,,,,,,
//SRC定義,(null),gr,x,y,w,h,div_x,div_y,cycle,timer,muki,range,type,disable,,,,,,
#SRC_SLIDER,0,10,25,0,24,30,1,1,0,0,2,406,6,1,,,,,,
//DST定義,(null),time,x,y,w,h,acc,a,r,g,b,blend,filter,angle,center,loop,timer,op1,op2,op3
#DST_SLIDER,0,250,1231,252,26,30,2,255,255,255,255,2,1,0,0,1500,0,0,0,0
#DST_SLIDER,0,1250,1231,30,26,30,2,255,255,255,255,2,1,,,,,,,
#DST_SLIDER,0,1500,1231,30,26,30,2,128,255,255,255,2,1,,,,,,,

//left加算 ゲーム中,,,,,,,,,,,,,,,,,,,,
//SRC定義,(null),gr,x,y,w,h,div_x,div_y,cycle,timer,muki,range,type,disable,,,,,,
#SRC_SLIDER,0,10,25,0,24,30,1,1,0,140,2,406,6,1,,,,,,
//DST定義,(null),time,x,y,w,h,acc,a,r,g,b,blend,filter,angle,center,loop,timer,op1,op2,op3
#DST_SLIDER,0,0,1231,30,24,30,0,128,255,255,255,2,1,0,0,0,140,0,0,0
#DST_SLIDER,0,750,1231,30,24,30,0,0,255,255,255,2,1,,,,,,,
#DST_SLIDER,0,1000,1231,30,24,30,0,0,255,255,255,2,1,,,,,,,

//ボム,,,,,,,,,,,,,,,,,,,,
//今回からIMAGEに統合しました,,,,,,,,,,,,,,,,,,,,
//タイマー50-70はそれぞれのレーンのボムタイマー,,,,,,,,,,,,,,,,,,,,
//70-90はロングノートボムタイマーになってます,,,,,,,,,,,,,,,,,,,,
//BOM,timer50- 1PBOM,,,,,,,,,,,,,,,,,,,

//SC,,,,,,,,,,,,,,,,,,,,
//SRC定義,(NULL),gr,x,y,w,h,div_x,div_y,cycle,timer,op1,op2,op3,,,,,,,
#SRC_IMAGE,0,0,0,0,2896,192,16,0,251,50,0,0,0,,,,,,,
//DST定義,(NULL),time,x,y,w,h,acc,a,r,g,b,blend,filter,angle,center,loop,timer,op1,op2,op3
#DST_IMAGE,0,0,1068,355,262,288,0,255,255,255,255,2,1,0,0,-1,50,0,0,0
#DST_IMAGE,0,250,1068,355,262,288,0,255,255,255,255,2,1,0,0,,,,,

//1,,,,,,,,,,,,,,,,,,,,
//SRC定義,(NULL),gr,x,y,w,h,div_x,div_y,cycle,timer,op1,op2,op3,,,,,,,
#SRC_IMAGE,0,0,0,0,2896,192,16,0,251,51,0,0,0,,,,,,,
//DST定義,(NULL),time,x,y,w,h,acc,a,r,g,b,blend,filter,angle,center,loop,timer,op1,op2,op3
#DST_IMAGE,0,0,706,355,262,288,0,255,255,255,255,2,1,0,0,-1,51,0,0,0
#DST_IMAGE,0,250,706,355,262,288,0,255,255,255,255,2,1,0,0,,,,,

//2,,,,,,,,,,,,,,,,,,,,
//SRC定義,(NULL),gr,x,y,w,h,div_x,div_y,cycle,timer,op1,op2,op3,,,,,,,
#SRC_IMAGE,0,0,0,0,2896,192,16,0,251,52,0,0,0,,,,,,,
//DST定義,(NULL),time,x,y,w,h,acc,a,r,g,b,blend,filter,angle,center,loop,timer,op1,op2,op3
#DST_IMAGE,0,0,753,355,262,288,0,255,255,255,255,2,1,0,0,-1,52,0,0,0
#DST_IMAGE,0,250,753,355,262,288,0,255,255,255,255,2,1,0,0,,,,,

//3,,,,,,,,,,,,,,,,,,,,
//SRC定義,(NULL),gr,x,y,w,h,div_x,div_y,cycle,timer,op1,op2,op3,,,,,,,
#SRC_IMAGE,0,0,0,0,2896,192,16,0,251,53,0,0,0,,,,,,,
//DST定義,(NULL),time,x,y,w,h,acc,a,r,g,b,blend,filter,angle,center,loop,timer,op1,op2,op3
#DST_IMAGE,0,0,801,355,262,288,0,255,255,255,255,2,1,0,0,-1,53,0,0,0
#DST_IMAGE,0,250,801,355,262,288,0,255,255,255,255,2,1,0,0,,,,,

//4,,,,,,,,,,,,,,,,,,,,
//SRC定義,(NULL),gr,x,y,w,h,div_x,div_y,cycle,timer,op1,op2,op3,,,,,,,
#SRC_IMAGE,0,0,0,0,2896,192,16,0,251,54,0,0,0,,,,,,,
//DST定義,(NULL),time,x,y,w,h,acc,a,r,g,b,blend,filter,angle,center,loop,timer,op1,op2,op3
#DST_IMAGE,0,0,848,355,262,288,0,255,255,255,255,2,1,0,0,-1,54,0,0,0
#DST_IMAGE,0,250,848,355,262,288,0,255,255,255,255,2,1,0,0,,,,,

//5,,,,,,,,,,,,,,,,,,,,
//SRC定義,(NULL),gr,x,y,w,h,div_x,div_y,cycle,timer,op1,op2,op3,,,,,,,
#SRC_IMAGE,0,0,0,0,2896,192,16,0,251,55,0,0,0,,,,,,,
//DST定義,(NULL),time,x,y,w,h,acc,a,r,g,b,blend,filter,angle,center,loop,timer,op1,op2,op3
#DST_IMAGE,0,0,897,355,262,288,0,255,255,255,255,2,1,0,0,-1,55,0,0,0
#DST_IMAGE,0,250,897,355,262,288,0,255,255,255,255,2,1,0,0,,,,,

//6 ,,,,,,,,,,,,,,,,,,,,
//SRC定義,(NULL),gr,x,y,w,h,div_x,div_y,cycle,timer,op1,op2,op3,,,,,,,
#SRC_IMAGE,0,0,0,0,2896,192,16,0,251,56,0,0,0,,,,,,,
//DST定義,(NULL),time,x,y,w,h,acc,a,r,g,b,blend,filter,angle,center,loop,timer,op1,op2,op3
#DST_IMAGE,0,0,944,355,262,288,0,255,255,255,255,2,1,0,0,-1,56,0,0,0
#DST_IMAGE,0,250,944,355,262,288,0,255,255,255,255,2,1,0,0,,,,,

//7,,,,,,,,,,,,,,,,,,,,
//SRC定義,(NULL),gr,x,y,w,h,div_x,div_y,cycle,timer,op1,op2,op3,,,,,,,
#SRC_IMAGE,0,0,0,0,2896,192,16,0,251,57,0,0,0,,,,,,,
//DST定義,(NULL),time,x,y,w,h,acc,a,r,g,b,blend,filter,angle,center,loop,timer,op1,op2,op3
#DST_IMAGE,0,0,994,355,262,288,0,255,255,255,255,2,1,0,0,-1,57,0,0,0
#DST_IMAGE,0,250,994,355,262,288,0,255,255,255,255,2,1,0,0,,,,,

//LN EFFECT,timer70- 1P LN BOM,,,,,,,,,,,,,,,,,,,
//SC,,,,,,,,,,,,,,,,,,,,
//SRC定義,(NULL),gr,x,y,w,h,div_x,div_y,cycle,timer,op1,op2,op3,,,,,,,
#SRC_IMAGE,0,0,0,0,724,192,4,1,80,70,0,0,0,,,,,,,
//DST定義,(NULL),time,x,y,w,h,acc,a,r,g,b,blend,filter,angle,center,loop,timer,op1,op2,op3
#DST_IMAGE,0,0,1068,355,262,288,0,255,255,255,255,2,1,0,0,0,70,0,0,0

//1,,,,,,,,,,,,,,,,,,,,
//SRC定義,(NULL),gr,x,y,w,h,div_x,div_y,cycle,timer,op1,op2,op3,,,,,,,
#SRC_IMAGE,0,0,0,0,724,192,4,1,80,71,0,0,0,,,,,,,
//DST定義,(NULL),time,x,y,w,h,acc,a,r,g,b,blend,filter,angle,center,loop,timer,op1,op2,op3
#DST_IMAGE,0,0,706,355,262,288,0,255,255,255,255,2,1,0,0,0,71,0,0,0

//2,,,,,,,,,,,,,,,,,,,,
//SRC定義,(NULL),gr,x,y,w,h,div_x,div_y,cycle,timer,op1,op2,op3,,,,,,,
#SRC_IMAGE,0,0,0,0,724,192,4,1,80,72,0,0,0,,,,,,,
//DST定義,(NULL),time,x,y,w,h,acc,a,r,g,b,blend,filter,angle,center,loop,timer,op1,op2,op3
#DST_IMAGE,0,0,753,355,262,288,0,255,255,255,255,2,1,0,0,0,72,0,0,0

//3,,,,,,,,,,,,,,,,,,,,
//SRC定義,(NULL),gr,x,y,w,h,div_x,div_y,cycle,timer,op1,op2,op3,,,,,,,
#SRC_IMAGE,0,0,0,0,724,192,4,1,80,73,0,0,0,,,,,,,
//DST定義,(NULL),time,x,y,w,h,acc,a,r,g,b,blend,filter,angle,center,loop,timer,op1,op2,op3
#DST_IMAGE,0,0,801,355,262,288,0,255,255,255,255,2,1,0,0,0,73,0,0,0

//4,,,,,,,,,,,,,,,,,,,,
//SRC定義,(NULL),gr,x,y,w,h,div_x,div_y,cycle,timer,op1,op2,op3,,,,,,,
#SRC_IMAGE,0,0,0,0,724,192,4,1,80,74,0,0,0,,,,,,,
//DST定義,(NULL),time,x,y,w,h,acc,a,r,g,b,blend,filter,angle,center,loop,timer,op1,op2,op3
#DST_IMAGE,0,0,848,355,262,288,0,255,255,255,255,2,1,0,0,0,74,0,0,0

//5,,,,,,,,,,,,,,,,,,,,
//SRC定義,(NULL),gr,x,y,w,h,div_x,div_y,cycle,timer,op1,op2,op3,,,,,,,
#SRC_IMAGE,0,0,0,0,724,192,4,1,80,75,0,0,0,,,,,,,
//DST定義,(NULL),time,x,y,w,h,acc,a,r,g,b,blend,filter,angle,center,loop,timer,op1,op2,op3
#DST_IMAGE,0,0,897,355,262,288,0,255,255,255,255,2,1,0,0,0,75,0,0,0

//6 ,,,,,,,,,,,,,,,,,,,,
//SRC定義,(NULL),gr,x,y,w,h,div_x,div_y,cycle,timer,op1,op2,op3,,,,,,,
#SRC_IMAGE,0,0,0,0,724,192,4,1,80,76,0,0,0,,,,,,,
//DST定義,(NULL),time,x,y,w,h,acc,a,r,g,b,blend,filter,angle,center,loop,timer,op1,op2,op3
#DST_IMAGE,0,0,944,355,262,288,0,255,255,255,255,2,1,0,0,0,76,0,0,0

//7,,,,,,,,,,,,,,,,,,,,
//SRC定義,(NULL),gr,x,y,w,h,div_x,div_y,cycle,timer,op1,op2,op3,,,,,,,
#SRC_IMAGE,0,0,0,0,724,192,4,1,80,77,0,0,0,,,,,,,
//DST定義,(NULL),time,x,y,w,h,acc,a,r,g,b,blend,filter,angle,center,loop,timer,op1,op2,op3
#DST_IMAGE,0,0,994,355,262,288,0,255,255,255,255,2,1,0,0,0,77,0,0,0

//数値関連,,,,,,,,,,,,,,,,,,,,
#IF,970,,,,,,,,,,,,,,,,,,,
//ノーマルスコア(6桁) 1P 100,number100 score 1P,,,,,,,,,,,,,,,,,,,
//SRC定義,(null),gr,x,y,w,h,div_x,div_y,cycle,timer,num,align,keta,,,,,,,
#SRC_NUMBER,0,16,0,0,308,19,11,1,0,0,100,0,6,,,,,,,
//DST定義,(NULL),time,x,y,w,h,acc,a,r,g,b,blend,filter,angle,center,loop,timer,op1,op2,op3
#DST_NUMBER,0,700,112,653,28,19,0,0,255,255,255,1,0,0,0,1000,0,0,0,0
#DST_NUMBER,0,1000,112,653,28,19,0,255,255,255,255,1,0,0,0,,,,,
#ENDIF,,,,,,,,,,,,,,,,,,,,

//EXスコア(6桁) 1P 100,number100 score 1P,,,,,,,,,,,,,,,,,,,
#IF,971,,,,,,,,,,,,,,,,,,,
//SRC定義,(null),gr,x,y,w,h,div_x,div_y,cycle,timer,num,align,keta,,,,,,,
#SRC_NUMBER,0,16,0,0,308,19,11,1,0,0,101,0,6,,,,,,,
//DST定義,(NULL),time,x,y,w,h,acc,a,r,g,b,blend,filter,angle,center,loop,timer,op1,op2,op3
#DST_NUMBER,0,700,112,653,28,19,0,0,255,255,255,1,0,0,0,1000,0,0,0,0
#DST_NUMBER,0,1000,112,653,28,19,0,255,255,255,255,1,0,0,0,,,,,
#ENDIF,,,,,,,,,,,,,,,,,,,,

//マックスコンボ(4桁),number105 maxcombo 1P,,,,,,,,,,,,,,,,,,,
//SRC定義,(null),gr,x,y,w,h,div_x,div_y,cycle,timer,num,align,keta,,,,,,,
#SRC_NUMBER,0,16,0,0,308,19,11,1,0,0,105,0,4,,,,,,,
//DST定義,(NULL),time,x,y,w,h,acc,a,r,g,b,blend,filter,angle,center,loop,timer,op1,op2,op3
#DST_NUMBER,0,1000,168,684,28,19,0,0,255,255,255,1,0,0,0,1200,0,0,0,0
#DST_NUMBER,0,1200,168,684,28,19,0,255,255,255,255,1,0,0,0,,,,,

//グルーブゲージ,number107 groovegauge 1P,,,,,,,,,,,,,,,,,,,
//SRC定義,(null),gr,x,y,w,h,div_x,div_y,cycle,timer,num,align,keta,,,,,,,
#SRC_NUMBER,0,18,0,0,290,22,10,1,0,0,107,0,3,,,,,,,
//DST定義,(NULL),time,x,y,w,h,acc,a,r,g,b,blend,filter,angle,center,loop,timer,op1,op2,op3
#DST_NUMBER,0,1000,770,575,35,27,0,0,255,255,255,2,1,0,0,1300,0,0,0,0
#DST_NUMBER,0,1300,770,575,35,27,0,255,255,255,255,2,1,0,0,,,,,

//BPM,number160 bpm,,,,,,,,,,,,,,,,,,,
//SRC定義,(null),gr,x,y,w,h,div_x,div_y,cycle,timer,num,align,keta,,,,,,,
#SRC_NUMBER,0,16,0,0,308,19,11,1,0,0,160,0,3,,,,,,,
//DST定義,(NULL),time,x,y,w,h,acc,a,r,g,b,blend,filter,angle,center,loop,timer,op1,op2,op3
#DST_NUMBER,0,850,630,645,28,19,0,0,255,255,255,1,0,0,0,1400,0,0,0,0
#DST_NUMBER,0,1400,630,645,28,19,0,255,255,255,255,1,0,0,0,,,,,

//ハイスピード,,,,,,,,,,,,,,,,,,,,
//数値,number10 HS-1P,,,,,,,,,,,,,,,,,,,
//SRC定義,(null),gr,x,y,w,h,div_x,div_y,cycle,timer,num,align,keta,,,,,,,
#SRC_NUMBER,0,9,0,99,120,11,10,1,0,0,10,0,3,,,,,,,
//DST定義,(NULL),time,x,y,w,h,acc,a,r,g,b,blend,filter,angle,center,loop,timer,op1,op2,op3
#DST_NUMBER,0,850,830,659,14,13,0,0,255,255,255,1,1,0,0,1300,0,0,0,0
#DST_NUMBER,0,1300,830,659,14,13,0,255,255,255,255,1,1,0,0,,,,,


//サドプラ数値,,,,,,,,,,,,,,,,,,,,
//option270 1Pサドプラ調整中に発動,,,,,,,,,,,,,,,,,,,,
//SRC定義,(null),gr,x,y,w,h,div_x,div_y,cycle,timer,num,align,keta,,,,,,,
#SRC_NUMBER,0,9,0,62,120,18,10,1,0,0,14,0,3,,,,,,,
//DST定義,(NULL),time,x,y,w,h,acc,a,r,g,b,blend,filter,angle,center,loop,timer,op1,op2,op3
#DST_NUMBER,0,0,990,4,12,18,0,255,255,255,255,1,1,0,0,1000,0,270,0,
#DST_NUMBER,0,1000,990,4,12,19,0,255,255,255,255,1,1,0,0,,,,,


//display judge,,,,,,,,,,,,,,,,,,,,

#IF,981
//フレーム,,,,,,,,,,,,,,,,,,,,
//SRC定義,(NULL),gr,x,y,w,h,div_x,div_y,cycle,timer,op1,op2,op3,,,,,,,
#SRC_IMAGE,0,6,368,850,168,63,1,1,0,0,0,0,0,,,,,,,
//DST定義,(NULL),time,x,y,w,h,acc,a,r,g,b,blend,filter,angle,center,loop,timer,op1,op2,op3
#DST_IMAGE,0,1000,518,466,168,63,0,255,255,255,255,1,0,0,0,1000,40,0,0,0

//PERFECT,number110 perfect 1P,,,,,,,,,,,,,,,,,,,
//SRC定義,(null),gr,x,y,w,h,div_x,div_y,cycle,timer,num,align,keta,,,,,,,
#SRC_NUMBER,0,9,0,62,120,18,10,1,0,0,110,0,4,,,,,,,
//DST定義,(NULL),time,x,y,w,h,acc,a,r,g,b,blend,filter,angle,center,loop,timer,op1,op2,op3
#DST_NUMBER,0,1000,550,469,12,18,0,255,255,255,255,1,0,0,0,1000,40,0,0,0

//GREAT,number111 great 1P,,,,,,,,,,,,,,,,,,,
//SRC定義,(null),gr,x,y,w,h,div_x,div_y,cycle,timer,num,align,keta,,,,,,,
#SRC_NUMBER,0,9,0,62,120,18,10,1,0,0,111,0,4,,,,,,,
//DST定義,(NULL),time,x,y,w,h,acc,a,r,g,b,blend,filter,angle,center,loop,timer,op1,op2,op3
#DST_NUMBER,0,1000,550,488,12,18,0,255,255,255,255,1,0,0,0,1000,40,0,0,0

//GOOD,number112 good 1P,,,,,,,,,,,,,,,,,,,
//SRC定義,(null),gr,x,y,w,h,div_x,div_y,cycle,timer,num,align,keta,,,,,,,
#SRC_NUMBER,0,9,0,62,120,18,10,1,0,0,112,0,4,,,,,,,
//DST定義,(NULL),time,x,y,w,h,acc,a,r,g,b,blend,filter,angle,center,loop,timer,op1,op2,op3
#DST_NUMBER,0,1000,550,507,12,18,0,255,255,255,255,1,0,0,0,1000,40,0,0,0

//Bad,number113 bad 1P,,,,,,,,,,,,,,,,,,,
//SRC定義,(null),gr,x,y,w,h,div_x,div_y,cycle,timer,num,align,keta,,,,,,,
#SRC_NUMBER,0,9,0,62,120,18,10,1,0,0,113,0,4,,,,,,,
//DST定義,(NULL),time,x,y,w,h,acc,a,r,g,b,blend,filter,angle,center,loop,timer,op1,op2,op3
#DST_NUMBER,0,1000,631,469,12,18,0,255,255,255,255,1,0,0,0,1000,40,0,0,0

//Poor,number114 poor 1P,,,,,,,,,,,,,,,,,,,
//SRC定義,(null),gr,x,y,w,h,div_x,div_y,cycle,timer,num,align,keta,,,,,,,
#SRC_NUMBER,0,9,0,62,120,18,10,1,0,0,114,0,4,,,,,,,
//DST定義,(NULL),time,x,y,w,h,acc,a,r,g,b,blend,filter,angle,center,loop,timer,op1,op2,op3
#DST_NUMBER,0,1000,631,488,12,18,0,255,255,255,255,1,0,0,0,1000,40,0,0,0

#ENDIF

/////////////////////////////////////////////////////////////////////////////////////////////////////////////////////////////////////////////,,,,,,,,,,,,,,,,,,,,
//フルコンエフェクト他,,,,,,,,,,,,,,,,,,,,
//全ノートの処理の終了時に、タイマーが発動します,,,,,,,,,,,,,,,,,,,,


//フルコンエフェクト他,,,,,,,,,,,,,,,,,,,,
//全ノートの処理の終了時に、タイマーが発動します,,,,,,,,,,,,,,,,,,,,

//base,,,,,,,,,,,,,,,,,,,,
//SRC定義,(NULL),gr,x,y,w,h,div_x,div_y,cycle,timer,op1,op2,op3,,,,,,,
#SRC_IMAGE,0,3,0,0,1950,966,10,3,1000,48,0,0,0,,,,,,,
//DST定義,(NULL),time,x,y,w,h,acc,a,r,g,b,blend,filter,angle,center,loop,timer,op1,op2,op3
#DST_IMAGE,0,0,797,0,432,482,0,255,255,255,255,2,1,0,0,-1,48,0,0,0
#DST_IMAGE,0,1000,797,0,432,482,0,255,255,255,255,2,1,0,0








//ジャッジ表示,,,,,,,,,,,,,,,,,,,,
//基本的に#SRC_IMAGEと同じですが、コンボの幅の半分だけ左に自動的にシフトして表示されます。,,,,,,,,,,,,,,,,,,,,
//シフトをオフにする場合(ジャッジとコンボを二列に分けて表示するときとか)は、noshift=1にして下さい,,,,,,,,,,,,,,,,,,,,
//timer46 ジャッジタイマー 1P,,,,,,,,,,,,,,,,,,,,
//timer47 ジャッジタイマー 2P,,,,,,,,,,,,,,,,,,,,

//空Poor index = 0,,,,,,,,,,,,,,,,,,,,
//SRC定義,index,gr,x,y,w,h,div_x,div_y,cycle,timer,noshift,op2,op3,,,,,,,
#SRC_NOWJUDGE_1P,0,13,0,508,248,56,2,1,80,46,0,0,0,,,,,,,,
//DST定義,index,time,x,y,w,h,acc,a,r,g,b,blend,filter,angle,center,loop,timer,op1,op2,op3
#DST_NOWJUDGE_1P,0,0,952,353,124,56,0,255,255,255,255,1,0,0,0,-1,46,0,0,0
#DST_NOWJUDGE_1P,0,500,952,353,124,56,0,255,255,255,255,1,0,0,0,,,,,

//見逃しPoor index = 1,,,,,,,,,,,,,,,,,,,,
//SRC定義,index,gr,x,y,w,h,div_x,div_y,cycle,timer,noshift,op2,op3,,,,,,,
#SRC_NOWJUDGE_1P,1,13,0,508,248,56,2,1,80,46,0,0,0,,,,,,,,
//DST定義,index,time,x,y,w,h,acc,a,r,g,b,blend,filter,angle,center,loop,timer,op1,op2,op3
#DST_NOWJUDGE_1P,1,0,952,353,124,56,0,255,255,255,255,1,0,0,0,-1,46,0,0,0
#DST_NOWJUDGE_1P,1,500,952,353,124,56,0,255,255,255,255,1,0,0,0,,,,,

//Bad index = 2,,,,,,,,,,,,,,,,,,,,
//SRC定義,index,gr,x,y,w,h,div_x,div_y,cycle,timer,noshift,op2,op3,,,,,,,
#SRC_NOWJUDGE_1P,2,13,0,451,190,56,2,1,80,46,0,0,0,,,,,,,,
//DST定義,index,time,x,y,w,h,acc,a,r,g,b,blend,filter,angle,center,loop,timer,op1,op2,op3
#DST_NOWJUDGE_1P,2,0,969,353,95,56,0,255,255,255,255,1,0,0,0,-1,46,0,0,0
#DST_NOWJUDGE_1P,2,500,969,353,95,56,0,255,255,255,255,1,0,0,0,,,,,

//Good index = 3,,,,,,,,,,,,,,,,,,,,
//SRC定義,index,gr,x,y,w,h,div_x,div_y,cycle,timer,noshift,op2,op3,,,,,,,
#SRC_NOWJUDGE_1P,3,13,0,394,248,56,2,1,80,46,0,0,0,,,,,,,,
//DST定義,index,time,x,y,w,h,acc,a,r,g,b,blend,filter,angle,center,loop,timer,op1,op2,op3
#DST_NOWJUDGE_1P,3,0,940,353,124,56,0,255,255,255,255,1,0,0,0,-1,46,0,0,0
#DST_NOWJUDGE_1P,3,500,940,353,124,56,0,255,255,255,255,1,0,0,0,,,,,

//Great index = 4,,,,,,,,,,,,,,,,,,,,
//SRC定義,index,gr,x,y,w,h,div_x,div_y,cycle,timer,noshift,op2,op3,,,,,,,
#SRC_NOWJUDGE_1P,4,13,0,337,306,56,2,1,80,46,0,0,0,,,,,,,,
//DST定義,index,time,x,y,w,h,acc,a,r,g,b,blend,filter,angle,center,loop,timer,op1,op2,op3
#DST_NOWJUDGE_1P,4,0,922,353,153,56,0,255,255,255,255,1,0,0,0,-1,46,0,0,0
#DST_NOWJUDGE_1P,4,500,922,353,153,56,0,255,255,255,255,1,0,0,0,,,,,

//PERFECT index = 5,,,,,,,,,,,,,,,,,,,,
//SRC定義,index,gr,x,y,w,h,div_x,div_y,cycle,timer,noshift,op2,op3,,,,,,,
#SRC_NOWJUDGE_1P,5,13,0,0,153,336,1,6,100,46,0,0,0,,,,,,,,
//DST定義,index,time,x,y,w,h,acc,a,r,g,b,blend,filter,angle,center,loop,timer,op1,op2,op3
#DST_NOWJUDGE_1P,5,0,922,353,153,56,0,255,255,255,255,1,0,0,0,-1,46,0,0,0
#DST_NOWJUDGE_1P,5,500,922,353,153,56,0,255,255,255,255,1,0,0,0,,,,,

//コンボカウント,,,,,,,,,,,,,,,,,,,,
//DST_JUDGEからの相対位置になります。それ以外は#DST_NUMBERと同じです,,,,,,,,,,,,,,,,,,,,

//空Poor,,,,,,,,,,,,,,,,,,,,
//Poor,,,,,,,,,,,,,,,,,,,,
//Bad,,,,,,,,,,,,,,,,,,,,
//以上はコンボは表示しないので定義しない,,,,,,,,,,,,,,,,,,,,

//Good index = 3,,,,,,,,,,,,,,,,,,,,
//SRC定義,index,gr,x,y,w,h,div_x,div_y,cycle,timer,(null),align,keta,,,,,,,
#SRC_NOWCOMBO_1P,3,13,0,565,370,112,10,2,80,46,0,1,7,,,,,,,,
//DST定義,index,time,x,y,w,h,acc,a,r,g,b,blend,filter,angle,center,loop,timer,op1,op2,op3
#DST_NOWCOMBO_1P,3,0,136,0,37,56,0,255,255,255,255,1,0,0,0,-1,46,0,0,0
#DST_NOWCOMBO_1P,3,500,136,0,37,56,0,255,255,255,255,1,0,0,0,,,,,

//Great index = 4,,,,,,,,,,,,,,,,,,,,
//SRC定義,index,gr,x,y,w,h,div_x,div_y,cycle,timer,num,align,keta,,,,,,,
#SRC_NOWCOMBO_1P,4,13,0,565,370,112,10,2,80,46,0,1,7,,,,,,,,
//DST定義,index,time,x,y,w,h,acc,a,r,g,b,blend,filter,angle,center,loop,timer,op1,op2,op3
#DST_NOWCOMBO_1P,4,0,154,0,37,56,0,255,255,255,255,1,0,0,0,-1,46,0,0,0
#DST_NOWCOMBO_1P,4,500,154,0,37,56,0,255,255,255,255,1,0,0,0,,,,,

//Just Great index = 5,,,,,,,,,,,,,,,,,,,,
//SRC定義,index,gr,x,y,w,h,div_x,div_y,cycle,timer,num,align,keta,,,,,,,
#SRC_NOWCOMBO_1P,5,13,154,0,370,336,10,6,100,46,0,1,7,,,,,,,,
//DST定義,index,time,x,y,w,h,acc,a,r,g,b,blend,filter,angle,center,loop,timer,op1,op2,op3
#DST_NOWCOMBO_1P,5,0,154,0,37,56,0,255,255,255,255,1,0,0,0,-1,46,0,0,0
#DST_NOWCOMBO_1P,5,500,154,0,37,56,0,255,255,255,255,1,0,0,0,,,,,

//グルーヴゲージ,,,,,,,,,,,,,,,,,,,,
//最初のゲージ,,,,,,,,,,,,,,,,,,,,
//表赤、表緑、裏赤、裏緑の順にsrc分割を行ってください。4の倍数でcycle>0ならちゃんとアニメーションします,,,,,,,,,,,,,,,,,,,,
//次のゲージの相対位置はadd_x、add_yで指定して下さい。,,,,,,,,,,,,,,,,,,,,
//SRC定義,index,gr,x,y,w,h,div_x,div_y,cycle,timer,add_x,add_y,,,,,,,,
#SRC_GROOVEGAUGE,0,4,0,0,32,35,4,1,0,0,-9,0,,,,,,,,
//DST定義,index,time,x,y,w,h,acc,a,r,g,b,blend,filter,angle,center,loop,timer,op1,op2,op3
#DST_GROOVEGAUGE,0,250,1223,611,8,32,0,0,255,255,255,1,0,0,0,500,0,0,0,0
#DST_GROOVEGAUGE,0,500,1223,611,8,32,0,255,255,255,255,1,0,0,0,,,,,

//TYPE A
//option35 ghost typeA
//option32 autoplay off
//number108 exscore2pとの差
//timer46 ジャッジタイマー 1P
//SRC定義,(null),gr,x,y,w,h,div_x,div_y,cycle,timer,num,align,keta
#SRC_NUMBER,0,9,0,61,144,38,12,2,0,0,108,0,4,,,,,,,,
//DST定義,(NULL),time,x,y,w,h,acc,a,r,g,b,blend,filter,angle,center,loop,timer,op1,op2,op3,
#DST_NUMBER,0,0,976,332,12,19,0,255,255,255,255,1,1,0,0,-1,46,35,32,0,
#DST_NUMBER,0,500,976,332,12,19,0,255,255,255,255,1,1,0,0,,,,,,

//TYPE B
//option36 ghost typeB
//option32 autoplay off
//number108 exscore2pとの差
//timer40 READY
//SRC定義,(null),gr,x,y,w,h,div_x,div_y,cycle,timer,num,align,keta
#SRC_NUMBER,0,9,0,61,144,38,12,2,0,0,108,0,4,,,,,,,,
//DST定義,(NULL),time,x,y,w,h,acc,a,r,g,b,blend,filter,angle,center,loop,timer,op1,op2,op3,
#DST_NUMBER,0,0,976,413,12,19,0,255,255,255,255,1,01,0,0,-1,46,36,32,0,
#DST_NUMBER,0,500,976,413,12,19,0,255,255,255,255,1,1,0,0,,,,,,

//option37 TYPE C
//option37 ghost typeC
//option32 autoplay off
//number108 exscore2pとの差
//timer40 READY
//SRC定義,(null),gr,x,y,w,h,div_x,div_y,cycle,timer,num,align,keta
#SRC_NUMBER,0,9,0,61,144,38,12,2,0,0,108,0,4,,,,,,,,
//DST定義,(NULL),time,x,y,w,h,acc,a,r,g,b,blend,filter,angle,center,loop,timer,op1,op2,op3,
#DST_NUMBER,0,1000,707,370,12,19,0,255,255,255,255,1,1,0,0,1000,40,37,32,0,

//タイトルとか表示,,,,,,,,,,,,,,,,,,,,

//READY,,,,,,,,,,,,,,,,,,,,
//ベース,,,,,,,,,,,,,,,,,,,,
//option81 ロード完了,,,,,,,,,,,,,,,,,,,,
//timer40 READY,,,,,,,,,,,,,,,,,,,,
//SRC定義,(NULL),gr,x,y,w,h,div_x,div_y,cycle,timer,op1,op2,op3,,,,,,,
#SRC_IMAGE,0,12,116,89,284,44,1,2,120,,,,,,,,,,,
//DST定義,(NULL),time,x,y,w,h,acc,a,r,g,b,blend,filter,angle,center,loop,timer,op1,op2,op3
#DST_IMAGE,0,0,871,383,284,22,0,0,255,255,255,1,1,0,0,-1,40,0,0,0
#DST_IMAGE,0,100,871,383,284,22,0,255,255,255,255,1,1,0,0,,,,,
#DST_IMAGE,0,900,871,383,284,22,0,255,255,255,255,1,1,0,0,,,,,
#DST_IMAGE,0,1000,871,393,284,22,0,0,255,255,255,1,1,0,0,,,,,

//フェードアウト層,,,,,,,,,,,,,,,,,,,,

//フェードイン,,,,,,,,,,,,,,,,,,,,
//SRC定義,(NULL),gr,x,y,w,h,div_x,div_y,cycle,timer,op1,op2,op3,,,,,,,
#SRC_IMAGE,0,12,13,1,1,1,1,1,0,0,0,0,0,,,,,,,
//DST定義,(NULL),time,x,y,w,h,acc,a,r,g,b,blend,filter,angle,center,loop,timer,op1,op2,op3
#DST_IMAGE,0,0,0,0,1280,720,0,255,255,255,255,1,0,0,0,250,0,0,0,0
#DST_IMAGE,0,250,0,0,1280,720,0,0,255,255,255,1,0,0,0,,,,,

//フェードアウト,,,,,,,,,,,,,,,,,,,,
//timer = 2,,,,,,,,,,,,,,,,,,,,
//SRC定義,(NULL),gr,x,y,w,h,div_x,div_y,cycle,timer,op1,op2,op3,,,,,,,
#SRC_IMAGE,0,12,13,1,1,1,1,1,0,2,0,0,0,,,,,,,
//DST定義,(NULL),time,x,y,w,h,acc,a,r,g,b,blend,filter,angle,center,loop,timer,op1,op2,op3
#DST_IMAGE,0,0,0,0,1280,720,0,0,255,255,255,1,0,0,0,500,2,0,0,0
#DST_IMAGE,0,500,0,0,1280,720,0,255,255,255,255,1,0,0,0,,,,,

//閉店,,,,,,,,,,,,,,,,,,,,
//timer = 3,,,,,,,,,,,,,,,,,,,,

//裏地,,,,,,,,,,,,,,,,,,,,
//SRC定義,(NULL),gr,x,y,w,h,div_x,div_y,cycle,timer,op1,op2,op3,,,,,,,
#SRC_IMAGE,0,111,0,0,1,1,1,1,0,0,0,0,0,,,,,,,
//DST定義,(NULL),time,x,y,w,h,acc,a,r,g,b,blend,filter,angle,center,loop,timer,op1,op2,op3
#DST_IMAGE,0,1100,0,0,1280,720,0,255,255,255,255,1,0,0,0,1100,3,0,0,0

//上段4裏,,,,,,,,,,,,,,,,,,,,
//SRC定義,(NULL),gr,x,y,w,h,div_x,div_y,cycle,timer,op1,op2,op3,,,,,,,
#SRC_IMAGE,0,11,0,498,1680,157,1,1,0,3,0,0,0,,,,,,,
//DST定義,(NULL),time,x,y,w,h,acc,a,r,g,b,blend,filter,angle,center,loop,timer,op1,op2,op3
#DST_IMAGE,0,1001,-200,219,1680,157,0,200,255,255,255,1,0,0,0,1001,3,0,0,0

//上段3裏,,,,,,,,,,,,,,,,,,,,
//SRC定義,(NULL),gr,x,y,w,h,div_x,div_y,cycle,timer,op1,op2,op3,,,,,,,
#SRC_IMAGE,0,11,0,301,1680,196,1,1,0,3,0,0,0,,,,,,,
//DST定義,(NULL),time,x,y,w,h,acc,a,r,g,b,blend,filter,angle,center,loop,timer,op1,op2,op3
#DST_IMAGE,0,1001,-200,140,1680,196,0,200,255,255,255,1,0,0,0,1001,3,0,0,0

//下段3裏,,,,,,,,,,,,,,,,,,,,
//SRC定義,(NULL),gr,x,y,w,h,div_x,div_y,cycle,timer,op1,op2,op3,,,,,,,
#SRC_IMAGE,0,11,0,816,1680,182,1,1,0,3,0,0,0,,,,,,,
//DST定義,(NULL),time,x,y,w,h,acc,a,r,g,b,blend,filter,angle,center,loop,timer,op1,op2,op3
#DST_IMAGE,0,1001,-200,358,1680,182,0,200,255,255,255,1,0,0,0,1001,3,0,0,0

//下段4裏,,,,,,,,,,,,,,,,,,,,
//SRC定義,(NULL),gr,x,y,w,h,div_x,div_y,cycle,timer,op1,op2,op3,,,,,,,
#SRC_IMAGE,0,11,0,656,1680,159,1,1,0,3,0,0,0,,,,,,,
//DST定義,(NULL),time,x,y,w,h,acc,a,r,g,b,blend,filter,angle,center,loop,timer,op1,op2,op3
#DST_IMAGE,0,1001,-200,302,1680,159,0,200,255,255,255,1,0,0,0,1001,3,0,0,0

//上段4,,,,,,,,,,,,,,,,,,,,
//SRC定義,(NULL),gr,x,y,w,h,div_x,div_y,cycle,timer,op1,op2,op3,,,,,,,
#SRC_IMAGE,0,11,0,498,1680,157,1,1,0,3,0,0,0,,,,,,,
//DST定義,(NULL),time,x,y,w,h,acc,a,r,g,b,blend,filter,angle,center,loop,timer,op1,op2,op3
#DST_IMAGE,0,750,-352,67,1680,157,0,255,255,255,255,1,0,0,0,2833,3,0,0,0
#DST_IMAGE,0,833,-278,141,1680,157,0,255,255,255,255,1,0,0,0,,,,,
#DST_IMAGE,0,933,-216,203,1680,157,0,255,255,255,255,1,0,0,0,,,,,
#DST_IMAGE,0,966,-204,215,1680,157,0,255,255,255,255,1,0,0,0,,,,,
#DST_IMAGE,0,983,-201,218,1680,157,0,255,255,255,255,1,0,0,0,,,,,
#DST_IMAGE,0,1000,-200,219,1680,157,0,255,255,255,255,1,0,0,0,,,,,
#DST_IMAGE,0,1166,-200,219,1680,157,0,255,255,255,255,1,0,0,0,,,,,
#DST_IMAGE,0,2833,-84,219,1680,157,0,255,255,255,255,1,0,0,0,,,,,

//上段3,,,,,,,,,,,,,,,,,,,,
//SRC定義,(NULL),gr,x,y,w,h,div_x,div_y,cycle,timer,op1,op2,op3,,,,,,,
#SRC_IMAGE,0,11,0,301,1680,196,1,1,0,3,0,0,0,,,,,,,
//DST定義,(NULL),time,x,y,w,h,acc,a,r,g,b,blend,filter,angle,center,loop,timer,op1,op2,op3
#DST_IMAGE,0,533,-394,-54,1680,196,0,255,255,255,255,1,0,0,0,2717,3,0,0,0
#DST_IMAGE,0,666,-275,65,1680,196,0,255,255,255,255,1,0,0,0,,,,,
#DST_IMAGE,0,766,-215,125,1680,196,0,255,255,255,255,1,0,0,0,,,,,
#DST_IMAGE,0,800,-204,136,1680,196,0,255,255,255,255,1,0,0,0,,,,,
#DST_IMAGE,0,816,-201,139,1680,196,0,255,255,255,255,1,0,0,0,,,,,
#DST_IMAGE,0,833,-200,140,1680,196,0,255,255,255,255,1,0,0,0,,,,,
#DST_IMAGE,0,1516,-200,140,1680,196,0,255,255,255,255,1,0,0,0,,,,,
#DST_IMAGE,0,2000,-214,126,1680,196,0,200,255,255,255,1,0,0,0,,,,,
#DST_IMAGE,0,2717,-231,109,1680,196,0,200,255,255,255,1,0,0,0,,,,,

//上段2,,,,,,,,,,,,,,,,,,,,
//SRC定義,(NULL),gr,x,y,w,h,div_x,div_y,cycle,timer,op1,op2,op3,,,,,,,
#SRC_IMAGE,0,11,0,133,1680,167,1,1,0,3,0,0,0,,,,,,,
//DST定義,(NULL),time,x,y,w,h,acc,a,r,g,b,blend,filter,angle,center,loop,timer,op1,op2,op3
#DST_IMAGE,0,383,-351,-110,1680,167,0,255,255,255,255,1,0,0,0,666,3,0,0,0
#DST_IMAGE,0,500,-275,-24,1680,167,0,255,255,255,255,1,0,0,0,,,,,
#DST_IMAGE,0,600,-215,36,1680,167,0,255,255,255,255,1,0,0,0,,,,,
#DST_IMAGE,0,633,-204,47,1680,167,0,255,255,255,255,1,0,0,0,,,,,
#DST_IMAGE,0,650,-201,50,1680,167,0,255,255,255,255,1,0,0,0,,,,,
#DST_IMAGE,0,666,-200,51,1680,167,0,255,255,255,255,1,0,0,0,,,,,

//上段1,,,,,,,,,,,,,,,,,,,,
//SRC定義,(NULL),gr,x,y,w,h,div_x,div_y,cycle,timer,op1,op2,op3,,,,,,,
#SRC_IMAGE,0,11,0,0,1680,132,1,1,0,3,0,0,0,,,,,,,
//DST定義,(NULL),time,x,y,w,h,acc,a,r,g,b,blend,filter,angle,center,loop,timer,op1,op2,op3
#DST_IMAGE,0,283,-315,-115,1680,132,0,255,255,255,255,1,0,0,0,500,3,0,0,0
#DST_IMAGE,0,333,-275,-74,1680,132,0,255,255,255,255,1,0,0,0,,,,,
#DST_IMAGE,0,433,-215,-15,1680,132,0,255,255,255,255,1,0,0,0,,,,,
#DST_IMAGE,0,466,-204,-4,1680,132,0,255,255,255,255,1,0,0,0,,,,,
#DST_IMAGE,0,483,-201,-1,1680,132,0,255,255,255,255,1,0,0,0,,,,,
#DST_IMAGE,0,500,-200,0,1680,132,0,255,255,255,255,1,0,0,0,,,,,

//下段1,,,,,,,,,,,,,,,,,,,,
//SRC定義,(NULL),gr,x,y,w,h,div_x,div_y,cycle,timer,op1,op2,op3,,,,,,,
#SRC_IMAGE,0,11,0,1226,1680,164,1,1,0,3,0,0,0,,,,,,,
//DST定義,(NULL),time,x,y,w,h,acc,a,r,g,b,blend,filter,angle,center,loop,timer,op1,op2,op3
#DST_IMAGE,0,233,-39,717,1680,164,0,255,255,255,255,1,0,0,0,500,3,0,0,0
#DST_IMAGE,0,333,-126,630,1680,164,0,255,255,255,255,1,0,0,0,,,,,
#DST_IMAGE,0,433,-185,571,1680,164,0,255,255,255,255,1,0,0,0,,,,,
#DST_IMAGE,0,466,-196,560,1680,164,0,255,255,255,255,1,0,0,0,,,,,
#DST_IMAGE,0,483,-199,557,1680,164,0,255,255,255,255,1,0,0,0,,,,,
#DST_IMAGE,0,500,-200,556,1680,164,0,255,255,255,255,1,0,0,0,,,,,

//下段2,,,,,,,,,,,,,,,,,,,,
//SRC定義,(NULL),gr,x,y,w,h,div_x,div_y,cycle,timer,op1,op2,op3,,,,,,,
#SRC_IMAGE,0,11,0,999,1680,226,1,1,0,3,0,0,0,,,,,,,
//DST定義,(NULL),time,x,y,w,h,acc,a,r,g,b,blend,filter,angle,center,loop,timer,op1,op2,op3
#DST_IMAGE,0,316,45,703,1680,226,0,255,255,255,255,1,0,0,0,666,3,0,0,0
#DST_IMAGE,0,500,-126,532,1680,226,0,255,255,255,255,1,0,0,0,,,,,
#DST_IMAGE,0,600,-185,473,1680,226,0,255,255,255,255,1,0,0,0,,,,,
#DST_IMAGE,0,633,-196,462,1680,226,0,255,255,255,255,1,0,0,0,,,,,
#DST_IMAGE,0,650,-199,459,1680,226,0,255,255,255,255,1,0,0,0,,,,,
#DST_IMAGE,0,666,-200,458,1680,226,0,255,255,255,255,1,0,0,0,,,,,

//下段4,,,,,,,,,,,,,,,,,,,,
//SRC定義,(NULL),gr,x,y,w,h,div_x,div_y,cycle,timer,op1,op2,op3,,,,,,,
#SRC_IMAGE,0,11,0,656,1680,159,1,1,0,3,0,0,0,,,,,,,
//DST定義,(NULL),time,x,y,w,h,acc,a,r,g,b,blend,filter,angle,center,loop,timer,op1,op2,op3
#DST_IMAGE,0,516,205,707,1680,159,0,255,255,255,255,1,0,0,0,2833,3,0,0,0
#DST_IMAGE,0,833,-122,380,1680,159,0,255,255,255,255,1,0,0,0,,,,,
#DST_IMAGE,0,933,-184,317,1680,159,0,255,255,255,255,1,0,0,0,,,,,
#DST_IMAGE,0,966,-196,306,1680,159,0,255,255,255,255,1,0,0,0,,,,,
#DST_IMAGE,0,983,-199,303,1680,159,0,255,255,255,255,1,0,0,0,,,,,
#DST_IMAGE,0,1000,-200,302,1680,159,0,255,255,255,255,1,0,0,0,,,,,
#DST_IMAGE,0,1166,-200,302,1680,159,0,255,255,255,255,1,0,0,0,,,,,
#DST_IMAGE,0,2833,-316,302,1680,159,0,255,255,255,255,1,0,0,0,,,,,

//下段3,,,,,,,,,,,,,,,,,,,,
//SRC定義,(NULL),gr,x,y,w,h,div_x,div_y,cycle,timer,op1,op2,op3,,,,,,,
#SRC_IMAGE,0,11,0,816,1680,182,1,1,0,3,0,0,0,,,,,,,
//DST定義,(NULL),time,x,y,w,h,acc,a,r,g,b,blend,filter,angle,center,loop,timer,op1,op2,op3
#DST_IMAGE,0,383,152,710,1680,182,0,255,255,255,255,1,0,0,0,2717,3,0,0,0
#DST_IMAGE,0,666,-126,432,1680,182,0,255,255,255,255,1,0,0,0,,,,,
#DST_IMAGE,0,766,-185,373,1680,182,0,255,255,255,255,1,0,0,0,,,,,
#DST_IMAGE,0,800,-196,362,1680,182,0,255,255,255,255,1,0,0,0,,,,,
#DST_IMAGE,0,816,-199,359,1680,182,0,255,255,255,255,1,0,0,0,,,,,
#DST_IMAGE,0,833,-200,358,1680,182,0,255,255,255,255,1,0,0,0,,,,,
#DST_IMAGE,0,1516,-200,358,1680,182,0,255,255,255,255,1,0,0,0,,,,,
#DST_IMAGE,0,2000,-186,372,1680,182,0,200,255,255,255,1,0,0,0,,,,,
#DST_IMAGE,0,2717,-170,388,1680,182,0,200,255,255,255,1,0,0,0,,,,,

//グラデ,,,,,,,,,,,,,,,,,,,,
//SRC定義,(NULL),gr,x,y,w,h,div_x,div_y,cycle,timer,op1,op2,op3,,,,,,,
#SRC_IMAGE,0,11,1681,455,1,298,1,1,0,3,0,0,0,,,,,,,
//DST定義,(NULL),time,x,y,w,h,acc,a,r,g,b,blend,filter,angle,center,loop,timer,op1,op2,op3
#DST_IMAGE,0,1000,0,359,1280,298,0,0,255,255,255,1,0,0,0,1516,3,0,0,0
#DST_IMAGE,0,1516,0,359,1280,298,0,100,255,255,255,1,0,0,0,,,,,

//中央,,,,,,,,,,,,,,,,,,,,
//SRC定義,(NULL),gr,x,y,w,h,div_x,div_y,cycle,timer,op1,op2,op3,,,,,,,
#SRC_IMAGE,0,11,0,1391,1921,201,1,1,0,3,0,0,0,,,,,,,
//DST定義,(NULL),time,x,y,w,h,acc,a,r,g,b,blend,filter,angle,center,loop,timer,op1,op2,op3
#DST_IMAGE,0,350,1188,274,1921,201,0,255,255,255,255,1,0,0,0,2800,3,0,0,0
#DST_IMAGE,0,516,151,274,1921,201,0,255,255,255,255,1,0,0,0,,,,,
#DST_IMAGE,0,600,-222,274,1921,201,0,255,255,255,255,1,0,0,0,,,,,
#DST_IMAGE,0,633,-312,274,1921,201,0,255,255,255,255,1,0,0,0,,,,,
#DST_IMAGE,0,650,-338,274,1921,201,0,255,255,255,255,1,0,0,0,,,,,
#DST_IMAGE,0,666,-347,274,1921,201,0,255,255,255,255,1,0,0,0,,,,,
#DST_IMAGE,0,1166,-306,274,1921,201,0,255,255,255,255,1,0,0,0,,,,,
#DST_IMAGE,0,2000,-239,274,1921,201,0,150,255,255,255,1,0,0,0,,,,,
#DST_IMAGE,0,2800,-175,274,1921,201,0,150,255,255,255,1,0,0,0,,,,,


//"STAGE FAILED"残像,,,,,,,,,,,,,,,,,,,,
//SRC定義,(NULL),gr,x,y,w,h,div_x,div_y,cycle,timer,op1,op2,op3,,,,,,,
#SRC_IMAGE,0,11,1681,330,732,33,1,1,0,3,0,0,0,,,,,,,
//DST定義,(NULL),time,x,y,w,h,acc,a,r,g,b,blend,filter,angle,center,loop,timer,op1,op2,op3
#DST_IMAGE,0,1016,306,344,732,33,0,70,255,255,255,1,0,0,0,-1,3,0,0,0
#DST_IMAGE,0,1100,311,348,732,33,0,70,255,255,255,1,0,0,0
#DST_IMAGE,0,1216,302,342,732,33,0,70,255,255,255,1,0,0,0
#DST_IMAGE,0,1250,301,344,732,33,0,70,255,255,255,1,0,0,0
#DST_IMAGE,0,1333,301,348,732,33,0,70,255,255,255,1,0,0,0
#DST_IMAGE,0,1383,303,350,732,33,0,70,255,255,255,1,0,0,0
#DST_IMAGE,0,1433,306,347,732,33,0,70,255,255,255,1,0,0,0
#DST_IMAGE,0,1550,308,341,732,33,0,70,255,255,255,1,0,0,0
#DST_IMAGE,0,1600,303,341,732,33,0,70,255,255,255,1,0,0,0
#DST_IMAGE,0,1633,299,343,732,33,0,70,255,255,255,1,0,0,0
#DST_IMAGE,0,1783,308,347,732,33,0,70,255,255,255,1,0,0,0
#DST_IMAGE,0,1867,310,339,732,33,0,70,255,255,255,1,0,0,0
#DST_IMAGE,0,2017,311,353,732,33,0,70,255,255,255,1,0,0,0
#DST_IMAGE,0,2167,314,341,732,33,0,70,255,255,255,1,0,0,0
#DST_IMAGE,0,2217,315,346,732,33,0,70,255,255,255,1,0,0,0
#DST_IMAGE,0,2233,314,347,732,33,0,70,255,255,255,1,0,0,0
#DST_IMAGE,0,2350,300,339,732,33,0,70,255,255,255,1,0,0,0
#DST_IMAGE,0,2433,312,348,732,33,0,70,255,255,255,1,0,0,0
#DST_IMAGE,0,2517,308,339,732,33,0,70,255,255,255,1,0,0,0
#DST_IMAGE,0,2617,300,339,732,33,0,70,255,255,255,1,0,0,0
#DST_IMAGE,0,2733,299,353,732,33,0,70,255,255,255,1,0,0,0

//"STAGE FAILED",,,,,,,,,,,,,,,,,,,,
//SRC定義,(NULL),gr,x,y,w,h,div_x,div_y,cycle,timer,op1,op2,op3,,,,,,,
#SRC_IMAGE,0,11,1681,0,732,330,1,10,452,3,0,0,0,,,,,,,
//DST定義,(NULL),time,x,y,w,h,acc,a,r,g,b,blend,filter,angle,center,loop,timer,op1,op2,op3
#DST_IMAGE,0,500,288,344,732,33,0,255,255,255,255,1,0,0,0,-1,3,0,0,0
#DST_IMAGE,0,800,306,344,732,33,0,255,255,255,255,1,0,0,0,,,,,
#DST_IMAGE,0,950,306,344,732,33,0,255,255,255,255,1,0,0,0,,,,,
//SRC定義,(NULL),gr,x,y,w,h,div_x,div_y,cycle,timer,op1,op2,op3,,,,,,,
#SRC_IMAGE,0,11,1681,297,732,33,1,1,0,3,0,0,0,,,,,,,
//DST定義,(NULL),time,x,y,w,h,acc,a,r,g,b,blend,filter,angle,center,loop,timer,op1,op2,op3
#DST_IMAGE,0,950,306,344,732,33,0,255,255,255,255,1,0,0,0,950,3,0,0,0

//"E",,,,,,,,,,,,,,,,,,,,
//SRC定義,(NULL),gr,x,y,w,h,div_x,div_y,cycle,timer,op1,op2,op3,,,,,,,
#SRC_IMAGE,0,11,2193,330,28,32,1,1,0,3,0,0,0,,,,,,,
//DST定義,(NULL),time,x,y,w,h,acc,a,r,g,b,blend,filter,angle,center,loop,timer,op1,op2,op3
#DST_IMAGE,0,950,820,344,28,32,0,255,255,255,255,1,0,0,0,2000,3,0,0,0
#DST_IMAGE,0,1667,820,344,28,32,0,255,255,255,255,1,0,0,0
#DST_IMAGE,0,2000,820,344,28,32,0,255,255,255,255,1,0,0,0

//"ППП",,,,,,,,,,,,,,,,,,,,
//SRC定義,(NULL),gr,x,y,w,h,div_x,div_y,cycle,timer,op1,op2,op3,,,,,,,
#SRC_IMAGE,0,11,0,1593,1600,5,1,1,0,3,0,0,0,,,,,,,
//DST定義,(NULL),time,x,y,w,h,acc,a,r,g,b,blend,filter,angle,center,loop,timer,op1,op2,op3
#DST_IMAGE,0,500,-151,384,1600,5,0,0,255,255,255,1,0,0,0,-1,3,0,0,0
#DST_IMAGE,0,800,-161,384,1600,5,0,50,255,255,255,1,0,0,0
#DST_IMAGE,0,1000,-155,384,1600,5,0,100,255,255,255,1,0,0,0
#DST_IMAGE,0,1500,-65,384,1600,5,0,100,255,255,255,1,0,0,0
#DST_IMAGE,0,4167,-225,384,1600,5,0,100,255,255,255,1,0,0,0

//フェードアウト,,,,,,,,,,,,,,,,,,,,
//SRC定義,(NULL),gr,x,y,w,h,div_x,div_y,cycle,timer,op1,op2,op3,,,,,,,
#SRC_IMAGE,0,110,0,0,1,1,1,1,0,3,0,0,0,,,,,,,
//DST定義,(NULL),time,x,y,w,h,acc,a,r,g,b,blend,filter,angle,center,loop,timer,op1,op2,op3
#DST_IMAGE,0,2000,0,0,1280,720,0,0,255,255,255,1,0,0,0,2800,3,0,0,0
#DST_IMAGE,0,2800,0,0,1280,720,0,255,255,255,255,1,0,0,0,,,,,

//フェード,,,,,,,,,,,,,,,,,,,,
//SRC定義,(NULL),gr,x,y,w,h,div_x,div_y,cycle,timer,op1,op2,op3,,,,,,,
#SRC_IMAGE,0,12,13,1,1,1,1,1,0,2,0,0,0,,,,,,,
//DST定義,(NULL),time,x,y,w,h,acc,a,r,g,b,blend,filter,angle,center,loop,timer,op1,op2,op3
#DST_IMAGE,0,1500,0,0,1280,720,0,0,255,255,255,1,0,0,0,2500,3,0,0,0
#DST_IMAGE,0,2500,0,0,1280,720,0,255,255,255,255,1,0,0,0,,,,,


//SRC定義,(NULL),gr,x,y,w,h,div_x,div_y,cycle,timer,op1,op2,op3,,,,,,,
#SRC_IMAGE,0,27,0,720,748,720,1,1,0,0,0,0,0,,,,,,,
//DST定義,(NULL),time,x,y,w,h,acc,a,r,g,b,blend,filter,angle,center,loop,timer,op1,op2,op3
#DST_IMAGE,0,0,532,0,748,720,0,255,255,255,255,1,0,0,5,500,0,0,0,0
#DST_IMAGE,0,100,532,0,748,720,0,255,255,255,255,1,0,0,0,,,,,
#DST_IMAGE,0,500,1251,720,748,720,0,255,255,255,255,1,0,0,0,,,,,


//SRC定義,(NULL),gr,x,y,w,h,div_x,div_y,cycle,timer,op1,op2,op3,,,,,,,
#SRC_IMAGE,0,27,0,0,899,720,1,1,0,0,0,0,0,,,,,,,
//DST定義,(NULL),time,x,y,w,h,acc,a,r,g,b,blend,filter,angle,center,loop,timer,op1,op2,op3
#DST_IMAGE,0,0,0,0,899,720,0,255,255,255,255,1,0,0,5,500,0,0,0,0
#DST_IMAGE,0,100,0,0,899,720,0,255,255,255,255,1,0,0,0,,,,,
#DST_IMAGE,0,500,-719,-719,899,720,0,255,255,255,255,1,0,0,0,,,,,
