#ENDOFHEADER,,,,,,,

#DISABLEFLIP,,,,,,,

//[透過色設定],,,
//必要無くても必ず設定して下さい。(なんかライブラリの仕様でオフに出来ないみたいなので,,,
//透過色,R,G,B
#TRANSCLOLR,0,255,0

//[入力開始時間],,,
//入力開始時間,ms,ランク表示後,更新表示後
#STARTINPUT,500,500,500







[画像定義],,,,,,,
//画像定義,filename,,,,,,
#IMAGE,LR2files\Theme\WMIX_HD\result\system\main.png,,,,,,0
#IMAGE,LR2files\Theme\WMIX_HD\result\IMAGE\AAA\*.png,,,,,,1
#IMAGE,LR2files\Theme\WMIX_HD\result\IMAGE\AA\*.png,,,,,,2
#IMAGE,LR2files\Theme\WMIX_HD\result\IMAGE\A\*.png,,,,,,3
#IMAGE,LR2files\Theme\WMIX_HD\result\IMAGE\clear\*.png,,,,,,4
#IMAGE,LR2files\Theme\WMIX_HD\result\IMAGE\fail\*.png,,,,,,5
#IMAGE,LR2files\Theme\WMIX_HD\result\system\djlevel\*.png,,,,,,,,,,//6
#IMAGE,LR2files\Theme\WMIX_HD\result\system\BG_C.png,,,,,,,,,,//7
#IMAGE,LR2files\Theme\WMIX_HD\result\system\BG_F.png,,,,,,,,,,,,,,,//8,
#IMAGE,LR2files\Theme\WMIX_HD\result\system\CLEAR.png,,,,,,,,,,//9
#IMAGE,LR2files\Theme\WMIX_HD\result\system\number\*.png,,,,,,,,,//10
#IMAGE,LR2files\Theme\WMIX_HD\result\system\gauge\*.png,,,,,,,,,,//11
#IMAGE,dummy,,,,,,,,,,//12
#IMAGE,dummy,,,,,,,,,,//13
#IMAGE,dummy,,,,,,,,,,//14
#IMAGE,dummy,,,,,,,,,,//15
#IMAGE,dummy,,,,,,,,,,//16
#IMAGE,dummy,,,,,,,,,,,//17
#IMAGE,dummy,,,,,,,,,,//18
#IMAGE,dummy,,,,,,,,,,//19
#IMAGE,dummy,,,,,,,,,,//20
#IMAGE,dummy,,,,,,,,,,//21
#IMAGE,dummy,,,,,,,,,,//22
#IMAGE,CONTINUE,,,,,,,,,,//23
#IMAGE,CONTINUE,,,,,,,,,,,,,,//24
#IMAGE,dummy,,,,,,,,,,//25
#IMAGE,dummy,,,,,,,,,,//26
#IF,931
#IMAGE,LR2files\Theme\EndlessCirculation\SE-Select\FRAME\*\Shutter.png,
#IMAGE,dummy,,,,,,,,,,
#ELSEIF,930
#IMAGE,dummy,,,,,,,,,,
#IMAGE,LR2files\Theme\WMIX_HD\select\shutter\*.png,
#ELSEIF,932
#IMAGE,dummy,,,,,,,,,,
#IMAGE,dummy,,,,,,,,,,
#ENDIF,,


//フォント定義,,,,,,,
//日本語フォントなら8mbぐらいメモリを消費するので、無駄使いは止めましょう。,,,,,,,
//thick:文字太さ,,,,,,,
//aa/edge:0 normal 1 edge 2 aa 3 edge + aa,,,,,,,
//フォントは右に候補をいくつでも追加できます。,,,,,,,
,size,thick,aa/edge,name,,,
//#FONT,22,3,3,S2GP月,,,

#LR2FONT,CONTINUE,,,,,,0
#LR2FONT,LR2files\Theme\WMIX_HD\font\silver\font.lr2font,,,,,,1
#LR2FONT,LR2files\Theme\WMIX_HD\font\small\font.lr2font,,,,,,,,,,,,2
#LR2FONT,CONTINUE,,,,,,,3
#LR2FONT,CONTINUE,,,,,,4






//clear type playskin link on,off

#IF,910,90
#SETOPTION,971,1
#ENDIF,,

#IF,910,91
#SETOPTION,970,1
#ENDIF,,

#IF,911,90
#SETOPTION,973,1
#ENDIF,,


#IF,911,91
#SETOPTION,972,1
#ENDIF,,





//[フェードアウト],,,,,,,
#FADEOUT,2000,,,,,,,,,,,,,,,,,,,

[画像配置],,,,,,,,,,,,,,,,,,,,

//コピペ用テンプレート,,,,,,,,,,,,,,,,,,,,
//SRC定義,(NULL),gr,x,y,w,h,div_x,div_y,cycle,timer,op1,op2,op3,,,,,,,

//DST定義,(NULL),time,x,y,w,h,acc,a,r,g,b,blend,filter,angle,center,loop,timer,op1,op2,op3

////////////////////////////////////////////,,,,,,,,,,,,,,,,,,,,


/////////////////////////////////,,,,,,,,,,,,,,,,,,,,
//ミス,,,,,,,,,,,,,,,,,,,,
/////////////////////////////////,,,,,,,,,,,,,,,,,,,,


//fail bg
//SRC定義,(NULL),gr,x,y,w,h,div_x,div_y,cycle,timer,op1,op2,op3,,,,,,,
#SRC_IMAGE,0,8,0,0,1280,720,1,0,0,0,0,0,,,,,,,
//DST定義,(NULL),time,x,y,w,h,acc,a,r,g,b,blend,filter,angle,center,loop,timer,op1,op2,op3
#DST_IMAGE,0,0,0,0,1280,720,0,0,255,255,255,1,0,0,0,200,0,91,0,0
#DST_IMAGE,0,200,0,0,1280,720,0,255,255,255,255,1,0,0,0,,,,,

//SRC定義,(NULL),gr,x,y,w,h,div_x,div_y,cycle,timer,op1,op2,op3,,,,,,,
#SRC_IMAGE,0,8,0,0,1280,720,1,1,0,0,0,0,0,,,,,,,
//DST定義,(NULL),time,x,y,w,h,acc,a,r,g,b,blend,filter,angle,center,loop,timer,op1,op2,op3
#DST_IMAGE,0,800,0,0,1280,720,0,0,255,255,255,2,0,0,0,800,0,91,0,0
#DST_IMAGE,0,2400,0,0,1280,720,0,100,255,255,255,2,0,0,0,,,,,
#DST_IMAGE,0,4000,0,0,1280,720,0,0,255,255,255,2,0,0,0,,,,,


//center1
//SRC定義,(NULL),gr,x,y,w,h,div_x,div_y,cycle,timer,op1,op2,op3,,,,,,,
#SRC_IMAGE,0,8,0,721,349,349,1,0,0,0,0,0,,,,,,,
//DST定義,(NULL),time,x,y,w,h,acc,a,r,g,b,blend,filter,angle,center,loop,timer,op1,op2,op3
#DST_IMAGE,0,200,463,200,349,349,0,155,255,255,255,1,1,0,0,200,0,91,0,0
#DST_IMAGE,0,10800,463,200,349,349,0,155,255,255,255,1,1,-360,0,,,,,
//center2
//SRC定義,(NULL),gr,x,y,w,h,div_x,div_y,cycle,timer,op1,op2,op3,,,,,,,
#SRC_IMAGE,0,8,656,721,624,624,1,0,0,0,0,0,,,,,,,
//DST定義,(NULL),time,x,y,w,h,acc,a,r,g,b,blend,filter,angle,center,loop,timer,op1,op2,op3
#DST_IMAGE,0,200,327,62,624,624,0,55,255,255,255,1,1,0,0,200,0,91,0,0
#DST_IMAGE,0,15800,327,62,624,624,0,55,255,255,255,1,1,360,0,,,,,



//beam
//SRC定義,(NULL),gr,x,y,w,h,div_x,div_y,cycle,timer,op1,op2,op3,,,,,,,
#SRC_IMAGE,0,8,0,1746,1280,158,1,1,0,0,0,0,0,,,,,,,
//DST定義,(NULL),time,x,y,w,h,acc,a,r,g,b,blend,filter,angle,center,loop,timer,op1,op2,op3
#DST_IMAGE,0,200,0,720,1280,70,0,155,255,255,255,2,0,0,0,200,0,91,0,0
#DST_IMAGE,0,4500,0,390,1280,2,0,0,255,255,255,2,0,0,0,,,,,



//////overried failed
//SRC定義,(NULL),gr,x,y,w,h,div_x,div_y,cycle,timer,op1,op2,op3,,,,,,,
#SRC_IMAGE,0,5,0,0,-1,-1,1,1,0,0,0,0,0,,,,,,,
//DST定義,(NULL),time,x,y,w,h,acc,a,r,g,b,blend,filter,angle,center,loop,timer,op1,op2,op3
#DST_IMAGE,0,0,-640,-360,2560,1440,0,0,255,255,255,1,1,0,0,200,0,91,0,0
#DST_IMAGE,0,200,0,0,1280,720,0,255,255,255,255,1,1,0,0,,,,,


//clear bg
//SRC定義,(NULL),gr,x,y,w,h,div_x,div_y,cycle,timer,op1,op2,op3,,,,,,,
#SRC_IMAGE,0,7,0,0,1280,720,1,1,0,0,0,0,0,,,,,,,
//DST定義,(NULL),time,x,y,w,h,acc,a,r,g,b,blend,filter,angle,center,loop,timer,op1,op2,op3
#DST_IMAGE,0,0,0,0,1280,720,0,0,255,255,255,1,0,0,0,200,0,90,0,0
#DST_IMAGE,0,200,0,0,1280,720,0,255,255,255,255,1,0,0,0,,,,,

//SRC定義,(NULL),gr,x,y,w,h,div_x,div_y,cycle,timer,op1,op2,op3,,,,,,,
#SRC_IMAGE,0,7,0,0,1280,720,1,1,0,0,0,0,0,,,,,,,
//DST定義,(NULL),time,x,y,w,h,acc,a,r,g,b,blend,filter,angle,center,loop,timer,op1,op2,op3
#DST_IMAGE,0,800,0,0,1280,720,0,0,255,255,255,2,0,0,0,800,0,90,0,0
#DST_IMAGE,0,2400,0,0,1280,720,0,100,255,255,255,2,0,0,0,,,,,
#DST_IMAGE,0,4000,0,0,1280,720,0,0,255,255,255,2,0,0,0,,,,,


//center1
//SRC定義,(NULL),gr,x,y,w,h,div_x,div_y,cycle,timer,op1,op2,op3,,,,,,,
#SRC_IMAGE,0,7,0,721,349,349,1,0,0,0,0,0,,,,,,,
//DST定義,(NULL),time,x,y,w,h,acc,a,r,g,b,blend,filter,angle,center,loop,timer,op1,op2,op3
#DST_IMAGE,0,200,463,200,349,349,0,155,255,255,255,1,1,0,0,200,0,90,0,0
#DST_IMAGE,0,10800,463,200,349,349,0,155,255,255,255,1,1,-360,0,,,,,

//center2
//SRC定義,(NULL),gr,x,y,w,h,div_x,div_y,cycle,timer,op1,op2,op3,,,,,,,
#SRC_IMAGE,0,7,656,721,624,624,1,0,0,0,0,0,,,,,,,
//DST定義,(NULL),time,x,y,w,h,acc,a,r,g,b,blend,filter,angle,center,loop,timer,op1,op2,op3
#DST_IMAGE,0,200,327,62,624,624,0,55,255,255,255,1,1,0,0,200,0,90,0,0
#DST_IMAGE,0,15800,327,62,624,624,0,55,255,255,255,1,1,360,0,,,,,



//beam
//SRC定義,(NULL),gr,x,y,w,h,div_x,div_y,cycle,timer,op1,op2,op3,,,,,,,
#SRC_IMAGE,0,7,0,1746,1280,158,1,1,0,0,0,0,0,,,,,,,
//DST定義,(NULL),time,x,y,w,h,acc,a,r,g,b,blend,filter,angle,center,loop,timer,op1,op2,op3
#DST_IMAGE,0,200,0,720,1280,70,0,255,255,255,255,2,0,0,0,200,0,90,0,0
#DST_IMAGE,0,6500,0,390,1280,2,0,0,255,255,255,2,0,0,0,,,,,

////////////////////////////////////////////,,,,,,,,,,,,,,,,,,,,
////option90 リザ クリア,,,,,,,,,,,,
/////////////////////////////////,,,,,,,,,,,,,,,,,,,,
//SRC定義,(NULL),gr,x,y,w,h,div_x,div_y,cycle,timer,op1,op2,op3,,,,,,,
#SRC_IMAGE,0,4,0,0,-1,-1,1,1,0,0,0,0,0,,,,,,,
//DST定義,(NULL),time,x,y,w,h,acc,a,r,g,b,blend,filter,angle,center,loop,timer,op1,op2,op3
#DST_IMAGE,0,0,-640,-360,2560,1440,0,0,255,255,255,1,1,0,0,200,0,90,0,0
#DST_IMAGE,0,200,0,0,1280,720,0,255,255,255,255,1,1,0,0,,,,,
////////////////////////////////////////////,,,,,,,,,,,,,,,,,,,,
//A,//option90 リザ クリア,,,,//option302 1P A,,,,,,,,,,,,,,,
/////////////////////////////////,,,,,,,,,,,,,,,,,,,,
//SRC定義,(NULL),gr,x,y,w,h,div_x,div_y,cycle,timer,op1,op2,op3,,,,,,,
#SRC_IMAGE,0,3,0,0,-1,-1,1,1,0,0,0,0,0,,,,,,,
//DST定義,(NULL),time,x,y,w,h,acc,a,r,g,b,blend,filter,angle,center,loop,timer,op1,op2,op3
#DST_IMAGE,0,0,-640,-360,2560,1440,0,0,255,255,255,1,1,0,0,200,0,90,302,0
#DST_IMAGE,0,200,0,0,1280,720,0,255,255,255,255,1,1,0,0,,,,,


/////////////////////////////////,,,,,,,,,,,,,,,,,,,,
//AA,//option90 リザ クリア,,,,//option301 1P AA,,,,,,,,,,,,,,,
/////////////////////////////////,,,,,,,,,,,,,,,,,,,,
//SRC定義,(NULL),gr,x,y,w,h,div_x,div_y,cycle,timer,op1,op2,op3,,,,,,,
#SRC_IMAGE,0,2,0,0,-1,-1,1,1,0,0,0,0,0,,,,,,,
//DST定義,(NULL),time,x,y,w,h,acc,a,r,g,b,blend,filter,angle,center,loop,timer,op1,op2,op3
#DST_IMAGE,0,0,-640,-360,2560,1440,0,0,255,255,255,1,1,0,0,200,0,90,301,0
#DST_IMAGE,0,200,0,0,1280,720,0,255,255,255,255,1,1,0,0,,,,,

/////////////////////////////////,,,,,,,,,,,,,,,,,,,,
//AAA,//option90 リザ クリア,,,,//option300 1P AAA,,,,,,,,,,,,,,,
/////////////////////////////////,,,,,,,,,,,,,,,,,,,,
//SRC定義,(NULL),gr,x,y,w,h,div_x,div_y,cycle,timer,op1,op2,op3,,,,,,,
#SRC_IMAGE,0,1,0,0,-1,-1,1,1,0,0,0,0,0,,,,,,,
//DST定義,(NULL),time,x,y,w,h,acc,a,r,g,b,blend,filter,angle,center,loop,timer,op1,op2,op3
#DST_IMAGE,0,0,-640,-360,2560,1440,0,0,255,255,255,1,1,0,0,200,0,90,300,0
#DST_IMAGE,0,200,0,0,1280,720,0,255,255,255,255,1,1,0,0,,,,,

//STAGE RESULT
//SRC定義,(NULL),gr,x,y,w,h,div_x,div_y,cycle,timer,op1,op2,op3,,,,,,,
#SRC_IMAGE,0,0,393,12,341,40,1,1,0,0,0,0,0,,,,,,,
//DST定義,(NULL),time,x,y,w,h,acc,a,r,g,b,blend,filter,angle,center,loop,timer,op1,op2,op3
#DST_IMAGE,0,0,469,3,341,40,2,255,255,255,255,0,0,0,0,0,0,90,0,0
//STAGE RESULT-F
//SRC定義,(NULL),gr,x,y,w,h,div_x,div_y,cycle,timer,op1,op2,op3,,,,,,,
#SRC_IMAGE,0,0,393,56,341,40,1,1,0,0,0,0,0,,,,,,,
//DST定義,(NULL),time,x,y,w,h,acc,a,r,g,b,blend,filter,angle,center,loop,timer,op1,op2,op3
#DST_IMAGE,0,0,469,3,341,40,2,255,255,255,255,0,0,0,0,0,0,91,0,0




//TITLE BAR
//SRC定義,(NULL),gr,x,y,w,h,div_x,div_y,cycle,timer,op1,op2,op3,,,,,,,
#SRC_IMAGE,0,0,0,679,1280,35,1,1,0,0,0,0,0,,,,,,,
//DST定義,(NULL),time,x,y,w,h,acc,a,r,g,b,blend,filter,angle,center,loop,timer,op1,op2,op3
#DST_IMAGE,0,0,0,685,1280,35,2,255,255,255,255,1,0,0,0,0,0,0,0,0

/タイトル+サブタイトル,,,,,,,,,,,,,,,,,,,,
//SRC定義,(NULL),font,st,align,edit,,,,,,,,,,,,,,,
#SRC_TEXT,0,1,12,1,0,,,,,,,,,,,,,,,
//DST定義,(NULL),time,x,y,w,size,acc,a,r,g,b,blend,filter,(NULL),(NULL),loop,timer,(NULL),(NULL),(NULL)
#DST_TEXT,0,500,640,686,615,34,0,0,255,255,255,0,1,0,0,600,0,0,0,0
#DST_TEXT,0,600,640,686,615,34,0,255,255,255,255,0,1,0,0,,,,,


//DIFFICULT BASE
//SRC定義,(NULL),gr,x,y,w,h,div_x,div_y,cycle,timer,op1,op2,op3,,,,,,,
#SRC_IMAGE,0,0,385,163,290,30,1,1,0,0,0,0,0,,,,,,,
//DST定義,(NULL),time,x,y,w,h,acc,a,r,g,b,blend,filter,angle,center,loop,timer,op1,op2,op3
#DST_IMAGE,0,0,496,645,290,30,2,255,255,255,255,1,0,0,0,0,0,0,0,0

#IF,160,
//SP,,,,,,,,,,,,,,,,,,,,
//SRC定義,(NULL),gr,x,y,w,h,div_x,div_y,cycle,timer,op1,op2,op3,,,,,,,
#SRC_IMAGE,0,0,1304,493,57,22,1,1,0,0,0,0,0,,,,,,,
//DST定義,(NULL),time,x,y,w,h,acc,a,r,g,b,blend,filter,angle,center,loop,timer,op1,op2,op3
#DST_IMAGE,0,200,501,649,57,22,2,0,255,255,255,1,0,0,0,500,0,-162,0,0
#DST_IMAGE,0,500,501,649,57,22,2,255,255,255,255,1,0,0,0,0,0
#DST_IMAGE,0,2000,501,649,57,22,2,155,255,255,255,1,0,0,0,0,0
#DST_IMAGE,0,3500,501,649,57,22,2,255,255,255,255,1,0,0,0,0,0
#ENDIF

#IF,161
//SP,,,,,,,,,,,,,,,,,,,,
//SRC定義,(NULL),gr,x,y,w,h,div_x,div_y,cycle,timer,op1,op2,op3,,,,,,,
#SRC_IMAGE,0,0,1304,493,57,22,1,1,0,0,0,0,0,,,,,,,
//DST定義,(NULL),time,x,y,w,h,acc,a,r,g,b,blend,filter,angle,center,loop,timer,op1,op2,op3
#DST_IMAGE,0,200,501,649,57,22,2,0,255,255,255,1,0,0,0,500,0,-163,0,0
#DST_IMAGE,0,500,501,649,57,22,2,255,255,255,255,1,0,0,0,0,0
#DST_IMAGE,0,2000,501,649,57,22,2,155,255,255,255,1,0,0,0,0,0
#DST_IMAGE,0,3500,501,649,57,22,2,255,255,255,255,1,0,0,0,0,0
#ENDIF

#IF,162
//DP,,,,,,,,,,,,,,,,,,,,
//SRC定義,(NULL),gr,x,y,w,h,div_x,div_y,cycle,timer,op1,op2,op3,,,,,,,
#SRC_IMAGE,0,0,1304,464,57,22,1,1,0,0,0,0,0,,,,,,,
//DST定義,(NULL),time,x,y,w,h,acc,a,r,g,b,blend,filter,angle,center,loop,timer,op1,op2,op3
#DST_IMAGE,0,200,501,649,57,22,2,0,255,255,255,1,0,0,0,500,0,0,0,0
#DST_IMAGE,0,500,501,649,57,22,2,255,255,255,255,1,0,0,0,0,0
#DST_IMAGE,0,2000,501,649,57,22,2,155,255,255,255,1,0,0,0,0,0
#DST_IMAGE,0,3500,501,649,57,22,2,255,255,255,255,1,0,0,0,0,0
#ENDIF
#IF,163
//DP,,,,,,,,,,,,,,,,,,,,
//SRC定義,(NULL),gr,x,y,w,h,div_x,div_y,cycle,timer,op1,op2,op3,,,,,,,
#SRC_IMAGE,0,0,1304,464,57,22,1,1,0,0,0,0,0,,,,,,,
//DST定義,(NULL),time,x,y,w,h,acc,a,r,g,b,blend,filter,angle,center,loop,timer,op1,op2,op3
#DST_IMAGE,0,200,501,649,57,22,2,0,255,255,255,1,0,0,0,500,0,0,0,0
#DST_IMAGE,0,500,501,649,57,22,2,255,255,255,255,1,0,0,0,0,0
#DST_IMAGE,0,2000,501,649,57,22,2,155,255,255,255,1,0,0,0,0,0
#DST_IMAGE,0,3500,501,649,57,22,2,255,255,255,255,1,0,0,0,0,0
#ENDIF
#IF,164
//SP,,,,,,,,,,,,,,,,,,,,
//SRC定義,(NULL),gr,x,y,w,h,div_x,div_y,cycle,timer,op1,op2,op3,,,,,,,
#SRC_IMAGE,0,0,1304,493,57,22,1,1,0,0,0,0,0,,,,,,,
//DST定義,(NULL),time,x,y,w,h,acc,a,r,g,b,blend,filter,angle,center,loop,timer,op1,op2,op3
#DST_IMAGE,0,200,501,649,57,22,2,0,255,255,255,1,0,0,0,500,0,0,0,0
#DST_IMAGE,0,500,501,649,57,22,2,255,255,255,255,1,0,0,0,0,0
#DST_IMAGE,0,2000,501,649,57,22,2,155,255,255,255,1,0,0,0,0,0
#DST_IMAGE,0,3500,501,649,57,22,2,255,255,255,255,1,0,0,0,0,0
#ENDIF




//難易度,,,,,,,,,,,,,,,,,,,,

/未定義
#IF,150,
//SRC定義,(NULL),gr,x,y,w,h,div_x,div_y,cycle,timer,op1,op2,op3,,,,,,,
#SRC_IMAGE,0,0,1377,664,242,41,1,1,0,0,0,0,0,,,,,,,
#ENDIF

/BEGINNER
#IF,151,
//SRC定義,(NULL),gr,x,y,w,h,div_x,div_y,cycle,timer,op1,op2,op3,,,,,,,
#SRC_IMAGE,0,0,1377,622,242,41,1,1,0,0,0,0,0,,,,,,,
#ENDIF

/Normal
#IF,152,
//SRC定義,(NULL),gr,x,y,w,h,div_x,div_y,cycle,timer,op1,op2,op3,,,,,,,
#SRC_IMAGE,0,0,1377,580,242,41,1,1,0,0,0,0,0,,,,,,,
#ENDIF

/hyper
#IF,153,
//SRC定義,(NULL),gr,x,y,w,h,div_x,div_y,cycle,timer,op1,op2,op3,,,,,,,
#SRC_IMAGE,0,0,1377,538,242,41,1,1,0,0,0,0,0,,,,,,,
#ENDIF

/Another
#IF,154,
//SRC定義,(NULL),gr,x,y,w,h,div_x,div_y,cycle,timer,op1,op2,op3,,,,,,,
#SRC_IMAGE,0,0,1377,496,242,41,1,1,0,0,0,0,0,,,,,,,
#ENDIF

/BAnother
#IF,155,
//SRC定義,(NULL),gr,x,y,w,h,div_x,div_y,cycle,timer,op1,op2,op3,,,,,,,
#SRC_IMAGE,0,0,1377,454,242,41,1,1,0,0,0,0,0,,,,,,,
#ENDIF

//DST定義,(NULL),time,x,y,w,h,acc,a,r,g,b,blend,filter,angle,center,loop,timer,op1,op2,op3
#DST_IMAGE,0,200,548,639,242,41,2,0,255,255,255,1,0,0,0,500,0,0,0,0
#DST_IMAGE,0,500,548,639,242,41,2,255,255,255,255,1,0,0,0,0,0
#DST_IMAGE,0,2000,548,639,242,41,2,155,255,255,255,1,0,0,0,0,0
#DST_IMAGE,0,3500,548,639,242,41,2,255,255,255,255,1,0,0,0,0,0
//level,,,,,,,,,,,,,,,,,,,,
/UN
//SRC定義,(null),gr,x,y,w,h,div_x,div_y,cycle,timer,num,align,keta,,,,,,,
#SRC_NUMBER,0,0,957,57,180,13,10,1,0,0,45,2,2,,,,,,,
//DST定義,(NULL),time,x,y,w,h,acc,a,r,g,b,blend,filter,angle,center,loop,timer,op1,op2,op3
#DST_NUMBER,0,200,733,654,18,13,0,30,255,255,255,1,0,0,0,500,0,150,0,0
#DST_NUMBER,0,500,733,654,18,13,0,255,255,255,255,1,0,0,0,0,0,0,0,0
#DST_NUMBER,0,2000,733,654,18,13,0,135,255,255,255,1,0,0,0,0,0,0,0,0
#DST_NUMBER,0,3500,733,654,18,13,0,255,255,255,255,1,0,0,0,0,0,0,0,0
/BG
//SRC定義,(null),gr,x,y,w,h,div_x,div_y,cycle,timer,num,align,keta,,,,,,,
#SRC_NUMBER,0,0,957,57,180,13,10,1,0,0,45,2,2,,,,,,,
//DST定義,(NULL),time,x,y,w,h,acc,a,r,g,b,blend,filter,angle,center,loop,timer,op1,op2,op3
#DST_NUMBER,0,200,733,654,18,13,0,30,92,211,120,1,0,0,0,500,0,151,0,0
#DST_NUMBER,0,500,733,654,18,13,0,255,92,211,120,1,0,0,0,0,0,0,0,0
#DST_NUMBER,0,2000,733,654,18,13,0,135,92,211,120,1,0,0,0,0,0,0,0,0
#DST_NUMBER,0,3500,733,654,18,13,0,255,92,211,120,1,0,0,0,0,0,0,0,0
/NO
//SRC定義,(null),gr,x,y,w,h,div_x,div_y,cycle,timer,num,align,keta,,,,,,,
#SRC_NUMBER,0,0,957,57,180,13,10,1,0,0,46,2,2,,,,,,,
//DST定義,(NULL),time,x,y,w,h,acc,a,r,g,b,blend,filter,angle,center,loop,timer,op1,op2,op3
#DST_NUMBER,0,200,733,654,18,13,0,30,64,118,255,1,0,0,0,500,0,152,0,0
#DST_NUMBER,0,500,733,654,18,13,0,255,64,118,255,1,0,0,0,0,0,0,0,0
#DST_NUMBER,0,2000,733,654,18,13,0,135,64,118,255,1,0,0,0,0,0,0,0,0
#DST_NUMBER,0,3500,733,654,18,13,0,255,64,118,255,1,0,0,0,0,0,0,0,0
/HY
//SRC定義,(null),gr,x,y,w,h,div_x,div_y,cycle,timer,num,align,keta,,,,,,,
#SRC_NUMBER,0,0,957,57,180,13,10,1,0,0,47,2,2,,,,,,,
//DST定義,(NULL),time,x,y,w,h,acc,a,r,g,b,blend,filter,angle,center,loop,timer,op1,op2,op3
#DST_NUMBER,0,200,733,654,18,13,0,30,238,205,52,1,0,0,0,500,0,153,0,0
#DST_NUMBER,0,500,733,654,18,13,0,255,238,205,52,1,0,0,0,0,0,0,0,0
#DST_NUMBER,0,2000,733,654,18,13,0,135,238,205,52,1,0,0,0,0,0,0,0,0
#DST_NUMBER,0,3500,733,654,18,13,0,255,238,205,52,1,0,0,0,0,0,0,0,0
/AN
//SRC定義,(null),gr,x,y,w,h,div_x,div_y,cycle,timer,num,align,keta,,,,,,,
#SRC_NUMBER,0,0,957,57,180,13,10,1,0,0,48,2,2,,,,,,,
//DST定義,(NULL),time,x,y,w,h,acc,a,r,g,b,blend,filter,angle,center,loop,timer,op1,op2,op3
#DST_NUMBER,0,200,733,654,18,13,0,30,248,67,67,1,0,0,0,500,0,154,0,0
#DST_NUMBER,0,500,733,654,18,13,0,255,248,67,67,1,0,0,0,0,0,0,0,0
#DST_NUMBER,0,2000,733,654,18,13,0,135,248,67,67,1,0,0,0,0,0,0,0,0
#DST_NUMBER,0,3500,733,654,18,13,0,255,248,67,67,1,0,0,0,0,0,0,0,0
/B-AN
//SRC定義,(null),gr,x,y,w,h,div_x,div_y,cycle,timer,num,align,keta,,,,,,,
#SRC_NUMBER,0,0,957,57,180,13,10,1,0,0,49,2,2,,,,,,,
//DST定義,(NULL),time,x,y,w,h,acc,a,r,g,b,blend,filter,angle,center,loop,timer,op1,op2,op3
#DST_NUMBER,0,200,733,654,18,13,0,30,233,69,154,1,0,0,0,500,0,155,0,0
#DST_NUMBER,0,500,733,654,18,13,0,255,233,69,154,1,0,0,0,0,0,0,0,0
#DST_NUMBER,0,2000,733,654,18,13,0,135,233,69,154,1,0,0,0,0,0,0,0,0
#DST_NUMBER,0,3500,733,654,18,13,0,255,233,69,154,1,0,0,0,0,0,0,0,0

///////////////////////////////////////////////////////




//2P stagefile WINDOW,,,,,,,,,,,,,,,,,,,,
//SRC定義,(NULL),gr,x,y,w,h,div_x,div_y,cycle,timer,op1,op2,op3,,,,,,,
#SRC_IMAGE,0,0,1321,0,376,286,1,1,0,0,0,0,0,,,,,,,
//DST定義,(NULL),time,x,y,w,h,acc,a,r,g,b,blend,filter,angle,center,loop,timer,op1,op2,op3
#DST_IMAGE,0,100,29,273,376,0,2,0,255,255,255,1,0,0,0,500,0,928,0,0
#DST_IMAGE,0,500,29,131,376,286,2,255,255,255,255,1,0,0,0,0,0,0,0,0

//2P song data,,,,,,,,,,,,,,,,,,,,
//SRC定義,(NULL),gr,x,y,w,h,div_x,div_y,cycle,timer,op1,op2,op3,,,,,,,
#SRC_IMAGE,0,0,1316,287,317,165,1,1,0,0,0,0,0,,,,,,,
//DST定義,(NULL),time,x,y,w,h,acc,a,r,g,b,blend,filter,angle,center,loop,timer,op1,op2,op3
#DST_IMAGE,0,300,29,423,317,500,2,0,255,255,255,1,0,0,0,700,0,928,0,0
#DST_IMAGE,0,700,29,423,317,165,2,255,255,255,255,1,0,0,0,0,0,0,0,0

//2P stagefile ,,,,,,,,,,,,,,,,,
//SRC定義,(NULL),gr,x,y,w,h,div_x,div_y,cycle,timer,op1,op2,op3,,,,,,,
#SRC_IMAGE,0,100,0,0,-1,-1,1,1,0,0,0,0,0,,,,,,,
//DST定義,(NULL),time,x,y,w,h,acc,a,r,g,b,blend,filter,angle,center,loop,timer,op1,op2,op3
#DST_IMAGE,0,500,37,270,360,1,2,0,255,255,255,1,1,0,0,900,0,928,0,0
#DST_IMAGE,0,900,37,139,360,270,2,255,255,255,255,1,1,0,0,0,0,0,0,0


/タイトル
//SRC定義,(NULL),font,st,align,edit,,,,,,,,,,,,,,,
#SRC_TEXT,0,2,10,2,0,,,,,,,,,,,,,,,
//DST定義,(NULL),time,x,y,w,size,acc,a,r,g,b,blend,filter,(NULL),(NULL),loop,timer,(NULL),(NULL),(NULL)
#DST_TEXT,0,700,325,458,195,24,0,0,255,255,255,1,1,0,0,900,0,928,0,0
#DST_TEXT,0,900,325,458,195,24,0,255,255,255,255,1,1,0,0,,,,,


/artist
//SRC定義,(NULL),font,st,align,edit,,,,,,,,,,,,,,,
#SRC_TEXT,0,2,14,2,0,,,,,,,,,,,,,,,
//DST定義,(NULL),time,x,y,w,size,acc,a,r,g,b,blend,filter,(NULL),(NULL),loop,timer,(NULL),(NULL),(NULL)
#DST_TEXT,0,700,325,481,200,24,0,0,255,255,255,1,1,0,0,900,0,928,0,0
#DST_TEXT,0,900,325,481,200,24,0,255,255,255,255,1,1,0,0,,,,,


/BPM,,,,,,,,,,,,,,,,,,,,
//SRC定義,(null),gr,x,y,w,h,div_x,div_y,cycle,timer,num,align,keta,,,,,,,
#SRC_NUMBER,0,0,970,78,132,11,11,1,0,0,90,0,3,,,,,,,
//DST定義,(NULL),time,x,y,w,h,acc,a,r,g,b,blend,filter,angle,center,loop,timer,op1,op2,op3
#DST_NUMBER,0,700,288,513,12,11,0,30,255,255,255,0,0,0,0,900,0,176,928,0
#DST_NUMBER,0,900,288,513,12,11,0,255,255,255,255,0,0,0,0,0,0,0,0,0


/BPM,,,,,,,,,,,,,,,,,,,,
//SRC定義,(null),gr,x,y,w,h,div_x,div_y,cycle,timer,num,align,keta,,,,,,,
#SRC_NUMBER,0,0,970,78,132,11,11,1,0,0,90,0,3,,,,,,,
//DST定義,(NULL),time,x,y,w,h,acc,a,r,g,b,blend,filter,angle,center,loop,timer,op1,op2,op3
#DST_NUMBER,0,700,288,513,12,11,0,30,255,255,255,0,0,0,0,900,0,177,928,0
#DST_NUMBER,0,900,288,513,12,11,0,255,255,255,255,0,0,0,0,0,0,0,0,0
/min BPM,,,,,,,,,,,,,,,,,,,,
//SRC定義,(null),gr,x,y,w,h,div_x,div_y,cycle,timer,num,align,keta,,,,,,,
#SRC_NUMBER,0,0,970,78,132,11,11,1,0,0,91,0,3,,,,,,,
//DST定義,(NULL),time,x,y,w,h,acc,a,r,g,b,blend,filter,angle,center,loop,timer,op1,op2,op3
#DST_NUMBER,0,700,229,513,12,11,0,30,255,255,255,0,0,0,0,900,0,177,928,0
#DST_NUMBER,0,900,229,513,12,11,0,255,255,255,255,0,0,0,0,0,0,0,0,0

/min ~
//SRC定義,(null),gr,x,y,w,h,div_x,div_y,cycle,timer,num,align,keta,,,,,,,
#SRC_IMAGE,0,0,1170,78,13,11,1,1,0,0,0,0,0,,,,,,,
//DST定義,(NULL),time,x,y,w,h,acc,a,r,g,b,blend,filter,angle,center,loop,timer,op1,op2,op3
#DST_IMAGE,0,700,272,513,13,11,0,30,255,255,255,0,0,0,0,900,0,177,928,0
#DST_IMAGE,0,900,272,513,13,11,0,255,255,255,255,0,0,0,0,0,0,0,0,0



/min,,,,,,,,,,,,,,,,,,,
//SRC定義,(null),gr,x,y,w,h,div_x,div_y,cycle,timer,num,align,keta,,,,,,,
#SRC_NUMBER,0,0,970,78,121,11,10,1,0,0,163,0,2,,,,,,,
//DST定義,(NULL),time,x,y,w,h,acc,a,r,g,b,blend,filter,angle,center,loop,timer,op1,op2,op3
#DST_NUMBER,0,700,269,537,12,11,0,30,255,255,255,0,0,0,0,900,0,928,0,0
#DST_NUMBER,0,900,269,537,12,11,0,255,255,255,255,0,0,0,0,0,0,0,0,0

/sec,,,,,,,,,,,,,,,,,,,
//SRC定義,(null),gr,x,y,w,h,div_x,div_y,cycle,timer,num,align,keta,,,,,,,
#SRC_NUMBER,0,0,970,91,132,11,11,1,0,0,164,0,2,,,,,,,
//DST定義,(NULL),time,x,y,w,h,acc,a,r,g,b,blend,filter,angle,center,loop,timer,op1,op2,op3
#DST_NUMBER,0,700,300,537,12,11,0,30,255,255,255,0,0,0,0,900,0,928,0,0
#DST_NUMBER,0,900,300,537,12,11,0,255,255,255,255,0,0,0,0,0,0,0,0,0

//:
//SRC定義,(NULL),gr,x,y,w,h,div_x,div_y,cycle,timer,op1,op2,op3,,,,,,,
#SRC_IMAGE,0,0,962,93,2,6,1,1,0,0,0,0,0,,,,,,,
//DST定義,(NULL),time,x,y,w,h,acc,a,r,g,b,blend,filter,angle,center,loop,timer,op1,op2,op3
#DST_IMAGE,0,700,296,540,2,6,0,0,255,255,255,1,1,0,0,900,0,928,0,0
#DST_IMAGE,0,900,296,540,2,6,0,255,255,255,255,1,1,0,0,0,0,0,0,0




//judge rank,,,,,,,,,,,,,,,,,,,

//base,,,,,,,,,,,,,,,,,,,,
//option180 判定veryhard,,,,,,,,,,,,,,,,,,,,
#IF,180,,,,,,,,,,,,,,,,,,,
//SRC定義,(NULL),gr,x,y,w,h,div_x,div_y,cycle,timer,op1,op2,op3,,,,,,,
#SRC_IMAGE,0,0,804,390,110,17,1,1,0,0,0,0,0,,,,,,,

//option181 判定hard,,,,,,,,,,,,,,,,,,,,
#ELSEIF,181,,,,,,,,,,,,
//SRC定義,(NULL),gr,x,y,w,h,div_x,div_y,cycle,timer,op1,op2,op3
#SRC_IMAGE,0,0,804,407,110,17,1,1,0,0,0,0,0

//option182 判定normal,,,,,,,,,,,,,
#ELSEIF,182,,,,,,,,,,,,
//SRC定義,(NULL),gr,x,y,w,h,div_x,div_y,cycle,timer,op1,op2,op3
#SRC_IMAGE,0,0,804,424,110,17,1,1,0,0,0,0,0

//option183 判定easy,,,,,,,,,,,,,
#ELSEIF,183,,,,,,,,,,,,
//SRC定義,(NULL),gr,x,y,w,h,div_x,div_y,cycle,timer,op1,op2,op3
#SRC_IMAGE,0,0,804,441,110,17,1,1,0,0,0,0,0

#ENDIF,,,,,,,,,,,,,

//option290 コースモード コースモード時には単曲の判定情報を取得できないので除外,,,,,,,,,,,,,,,,,,,,
//DST定義,(NULL),time,x,y,w,h,acc,a,r,g,b,blend,filter,angle,center,loop,timer,op1,op2,op3
#DST_IMAGE,0,700,216,558,110,17,2,0,255,255,255,1,0,0,0,900,0,-290,928,0
#DST_IMAGE,0,900,216,558,110,17,2,255,255,255,255,1,0,0,0,,,,,

//2P GRAPH WINDOW,,,,,,,,,,,,,,,,,,,,
//SRC定義,(NULL),gr,x,y,w,h,div_x,div_y,cycle,timer,op1,op2,op3,,,,,,,
#SRC_IMAGE,0,0,0,8,360,186,1,1,0,0,0,0,0,,,,,,,
//DST定義,(NULL),time,x,y,w,h,acc,a,r,g,b,blend,filter,angle,center,loop,timer,op1,op2,op3
#DST_IMAGE,0,0,890,120,360,0,2,0,255,255,255,1,0,0,0,400,0,0,0,0
#DST_IMAGE,0,400,890,30,360,186,2,255,255,255,255,1,0,0,0,0,0,0,0,0

//2p body1
//SRC定義,(NULL),gr,x,y,w,h,div_x,div_y,cycle,timer,op1,op2,op3,,,,,,,
#SRC_IMAGE,0,0,385,209,360,101,1,1,0,0,0,0,0,,,,,,,
//DST定義,(NULL),time,x,y,w,h,acc,a,r,g,b,blend,filter,angle,center,loop,timer,op1,op2,op3
#DST_IMAGE,0,0,1600,222,360,101,2,0,255,255,255,1,0,0,0,400,0,0,0,0
#DST_IMAGE,0,400,890,222,360,101,2,255,255,255,255,1,0,0,0,0,0,0,0,0
//2p body2s
//SRC定義,(NULL),gr,x,y,w,h,div_x,div_y,cycle,timer,op1,op2,op3,,,,,,,
#SRC_IMAGE,0,0,385,311,360,58,1,1,0,0,0,0,0,,,,,,,
//DST定義,(NULL),time,x,y,w,h,acc,a,r,g,b,blend,filter,angle,center,loop,timer,op1,op2,op3
#DST_IMAGE,0,100,1600,324,360,58,2,0,255,255,255,1,0,0,0,500,0,0,0,0
#DST_IMAGE,0,500,890,324,360,58,2,255,255,255,255,1,0,0,0,0,0,0,0,0
//2p body3
//SRC定義,(NULL),gr,x,y,w,h,div_x,div_y,cycle,timer,op1,op2,op3,,,,,,,
#SRC_IMAGE,0,0,385,370,360,58,1,1,0,0,0,0,0,,,,,,,
//DST定義,(NULL),time,x,y,w,h,acc,a,r,g,b,blend,filter,angle,center,loop,timer,op1,op2,op3
#DST_IMAGE,0,200,1600,383,360,58,2,0,255,255,255,1,0,0,0,600,0,0,0,0
#DST_IMAGE,0,600,890,383,360,58,2,255,255,255,255,1,0,0,0,0,0,0,0,0

//2p body4
//SRC定義,(NULL),gr,x,y,w,h,div_x,div_y,cycle,timer,op1,op2,op3,,,,,,,
#SRC_IMAGE,0,0,385,429,360,60,1,1,0,0,0,0,0,,,,,,,
//DST定義,(NULL),time,x,y,w,h,acc,a,r,g,b,blend,filter,angle,center,loop,timer,op1,op2,op3
#DST_IMAGE,0,300,1600,442,360,60,2,0,255,255,255,1,0,0,0,700,0,0,0,0
#DST_IMAGE,0,700,890,442,360,60,2,255,255,255,255,1,0,0,0,0,0,0,0,0



//2p judge window

//SRC定義,(NULL),gr,x,y,w,h,div_x,div_y,cycle,timer,op1,op2,op3,,,,,,,
#SRC_IMAGE,0,0,385,509,360,167,1,1,0,0,0,0,0,,,,,,,
//DST定義,(NULL),time,x,y,w,h,acc,a,r,g,b,blend,filter,angle,center,loop,timer,op1,op2,op3
#DST_IMAGE,0,300,890,730,360,500,2,0,255,255,255,1,0,0,0,700,0,0,0,0
#DST_IMAGE,0,700,890,504,360,167,2,255,255,255,255,1,0,0,0,0,0,0,0,0



//bodyflash1
#SRC_IMAGE,0,0,1704,0,360,67,1,1,0,0,0,0,0,,,,,,,
//DST定義,(NULL),time,x,y,w,h,acc,a,r,g,b,blend,filter,angle,center,loop,timer,op1,op2,op3
#DST_IMAGE,0,1000,890,256,360,67,2,0,0,256,256,2,0,0,0,1000,0,0,0,0
#DST_IMAGE,0,1400,890,256,360,67,2,155,256,256,256,2,0,,,,,,,
#DST_IMAGE,0,1800,890,256,360,67,2,0,256,256,256,2,0,,,,,,,
#DST_IMAGE,0,4500,890,256,360,67,2,0,256,256,256,2,0,,,,,,,
//bodyflash2
#SRC_IMAGE,0,0,1704,69,360,57,1,1,0,0,0,0,0,,,,,,,
//DST定義,(NULL),time,x,y,w,h,acc,a,r,g,b,blend,filter,angle,center,loop,timer,op1,op2,op3
#DST_IMAGE,0,1100,890,326,360,57,2,0,0,256,256,2,0,0,0,1100,0,0,0,0
#DST_IMAGE,0,1500,890,326,360,57,2,155,256,256,256,2,0,,,,,,,
#DST_IMAGE,0,1900,890,326,360,57,2,0,256,256,256,2,0,,,,,,,
#DST_IMAGE,0,4600,890,326,360,57,2,0,256,256,256,2,0,,,,,,,
//bodyflash3
#SRC_IMAGE,0,0,1704,69,360,57,1,1,0,0,0,0,0,,,,,,,
//DST定義,(NULL),time,x,y,w,h,acc,a,r,g,b,blend,filter,angle,center,loop,timer,op1,op2,op3
#DST_IMAGE,0,1200,890,385,360,57,2,0,0,256,256,2,0,0,0,1200,0,0,0,0
#DST_IMAGE,0,1600,890,385,360,57,2,155,256,256,256,2,0,,,,,,,
#DST_IMAGE,0,2000,890,385,360,57,2,0,256,256,256,2,0,,,,,,,
#DST_IMAGE,0,4700,890,385,360,57,2,0,256,256,256,2,0,,,,,,,
//bodyflash4
#SRC_IMAGE,0,0,1704,126,360,61,1,1,0,0,0,0,0,,,,,,,
//DST定義,(NULL),time,x,y,w,h,acc,a,r,g,b,blend,filter,angle,center,loop,timer,op1,op2,op3
#DST_IMAGE,0,1300,890,442,360,61,2,0,0,256,256,2,0,0,0,1300,0,0,0,0
#DST_IMAGE,0,1700,890,442,360,61,2,155,256,256,256,2,0,,,,,,,
#DST_IMAGE,0,2100,890,442,360,61,2,0,256,256,256,2,0,,,,,,,
#DST_IMAGE,0,4800,890,442,360,61,2,0,256,256,256,2,0,,,,,,,



//bodyflash5 
#SRC_IMAGE,0,0,1709,386,351,140,1,1,0,0,0,0,0,,,,,,,
//DST定義,(NULL),time,x,y,w,h,acc,a,r,g,b,blend,filter,angle,center,loop,timer,op1,op2,op3
#DST_IMAGE,0,1000,896,528,351,140,2,0,0,256,256,2,0,0,0,1000,0,0,0,0
#DST_IMAGE,0,2000,896,528,351,140,2,100,256,256,256,2,0,,,,,,,
#DST_IMAGE,0,3000,896,528,351,140,2,0,256,256,256,2,0,,,,,,,



//Pgreat pika
#SRC_IMAGE,0,0,961,118,54,33,1,3,120,0,0,0,0,,,,,,,
//DST定義,(NULL),time,x,y,w,h,acc,a,r,g,b,blend,filter,angle,center,loop,timer,op1,op2,op3
#DST_IMAGE,0,700,920,540,54,11,2,0,256,256,256,1,0,0,0,740,0,0,0,0
#DST_IMAGE,0,740,920,540,54,11,2,255,256,256,256,1,0,,,,,,,
#DST_IMAGE,0,780,920,540,54,11,2,255,256,256,256,1,0,,,,,,,







--------------------------------------------------------------------------------------------------

#IF,913,,,,,,,,,,,
//GROOVE,,,,,,,,,,,,,,,,,,,,
//SRC定義,(NULL),gr,x,y,w,h,div_x,div_y,cycle,timer,op1,op2,op3,,,,,,,
#SRC_IMAGE,0,24,0,30,344,171,1,1,0,0,0,0,0,,,,,,,
//DST定義,(NULL),time,x,y,w,h,acc,a,r,g,b,blend,filter,angle,center,loop,timer,op1,op2,op3
#DST_IMAGE,0,300,898,110,344,0,2,0,255,255,255,2,0,0,0,700,0,42,0,0
#DST_IMAGE,0,700,898,38,344,171,2,255,255,255,255,2,0,0,0,,,,,

//hard,,,,,,,,,,,,,,,,,,,,
//SRC定義,(NULL),gr,x,y,w,h,div_x,div_y,cycle,timer,op1,op2,op3,,,,,,,
#SRC_IMAGE,0,24,0,207,344,171,1,1,0,0,0,0,0,,,,,,,
//DST定義,(NULL),time,x,y,w,h,acc,a,r,g,b,blend,filter,angle,center,loop,timer,op1,op2,op3
#DST_IMAGE,0,300,898,110,344,0,2,0,255,255,255,2,0,0,0,700,0,43,0,0
#DST_IMAGE,0,700,898,38,344,171,2,255,255,255,255,2,0,0,0,,,,,

//chart

//1P緑,,,,,,,,,,,,,,,,,,,,
//SRC定義,index,gr,x,y,w,h,div_x,div_y,cycle,timer,field_w,field_h,start,end,,,,,,
#SRC_GAUGECHART_1P,0,24,3,203,3,3,1,1,0,0,344,168,1000,2500,,,,,,
//DST定義,index,time,x,y,w,h,acc,a,r,gs,b,blend,filter,angle,center,loop,timer,,,
#DST_GAUGECHART_1P,0,0,898,207,2,2,0,0,255,255,255,0,1,0,0,0,0,,,
,,,,,,,,,,,,,,,,,,,,
//1P赤,,,,,,,,,,,,,,,,,,,,
//SRC定義,index,gr,x,y,w,h,div_x,div_y,cycle,timer,field_w,field_h,start,end,,,,,,
#SRC_GAUGECHART_1P,1,24,0,203,3,3,1,1,0,0,344,168,1000,2500,,,,,,
//DST定義,index,time,x,y,w,h,acc,a,r,g,b,blend,filter,angle,center,loop,timer,,,
#DST_GAUGECHART_1P,1,0,898,207,2,2,0,0,255,255,255,0,1,0,0,0,0,,,

#ENDIF,,,,,,,,,,,,,

#IF,912,,,,,,,,,,,

//GROOVE,,,,,,,,,,,,,,,,,,,,
//SRC定義,(NULL),gr,x,y,w,h,div_x,div_y,cycle,timer,op1,op2,op3,,,,,,,
#SRC_IMAGE,0,11,0,30,344,171,1,1,0,0,0,0,0,,,,,,,
//DST定義,(NULL),time,x,y,w,h,acc,a,r,g,b,blend,filter,angle,center,loop,timer,op1,op2,op3
#DST_IMAGE,0,300,898,110,344,0,2,0,255,255,255,2,0,0,0,700,0,42,0,0
#DST_IMAGE,0,700,898,38,344,171,2,255,255,255,255,2,0,0,0,,,,,

//hard,,,,,,,,,,,,,,,,,,,,
//SRC定義,(NULL),gr,x,y,w,h,div_x,div_y,cycle,timer,op1,op2,op3,,,,,,,
#SRC_IMAGE,0,11,0,207,344,171,1,1,0,0,0,0,0,,,,,,,
//DST定義,(NULL),time,x,y,w,h,acc,a,r,g,b,blend,filter,angle,center,loop,timer,op1,op2,op3
#DST_IMAGE,0,300,898,110,344,0,2,0,255,255,255,2,0,0,0,700,0,43,0,0
#DST_IMAGE,0,700,898,38,344,171,2,255,255,255,255,2,0,0,0,,,,,

//chart

//1P緑,,,,,,,,,,,,,,,,,,,,
//SRC定義,index,gr,x,y,w,h,div_x,div_y,cycle,timer,field_w,field_h,start,end,,,,,,
#SRC_GAUGECHART_1P,0,11,3,203,3,3,1,1,0,0,344,168,1000,2500,,,,,,
//DST定義,index,time,x,y,w,h,acc,a,r,gs,b,blend,filter,angle,center,loop,timer,,,
#DST_GAUGECHART_1P,0,0,898,207,2,2,0,0,255,255,255,0,1,0,0,0,0,,,
,,,,,,,,,,,,,,,,,,,,
//1P赤,,,,,,,,,,,,,,,,,,,,
//SRC定義,index,gr,x,y,w,h,div_x,div_y,cycle,timer,field_w,field_h,start,end,,,,,,
#SRC_GAUGECHART_1P,1,11,0,203,3,3,1,1,0,0,344,168,1000,2500,,,,,,
//DST定義,index,time,x,y,w,h,acc,a,r,g,b,blend,filter,angle,center,loop,timer,,,
#DST_GAUGECHART_1P,1,0,898,207,2,2,0,0,255,255,255,0,1,0,0,0,0,,,

#ENDIF,,,,,,,,,,,,,

---------------------------------------------------------------

---------------------------------------------------------------
//gauge type box

//SRC定義,(NULL),gr,x,y,w,h,div_x,div_y,cycle,timer,op1,op2,op3,,,,,,,
#SRC_IMAGE,0,0,940,189,344,24,1,1,0,0,0,0,0,,,,,,,
//DST定義,(NULL),time,x,y,w,h,acc,a,r,g,b,blend,filter,angle,center,loop,timer,op1,op2,op3
#DST_IMAGE,0,800,898,180,344,24,2,0,255,255,255,1,0,0,0,1000,0,0,0,0
#DST_IMAGE,0,1000,898,180,344,24,2,255,255,255,255,1,0,0,0,,,,,

//ゲージ種別 コースモード以外,, //ボタンtype40 ゲージ1P,,,//option290 コースモード,,,,,,,,,,,,,,,
//SRC定義,(NULL),gr,x,y,w,h,div_x,div_y,cycle,timer,type,click,panel,plus only,,,,,,
#SRC_BUTTON,0,0,805,7,121,108,1,6,0,0,40,0,0,0,,,,,,
//DST定義,(NULL),time,x,y,w,h,acc,a,r,g,b,blend,filter,angle,center,loop,timer,op1,op2,op3
#DST_BUTTON,0,800,1033,183,121,18,0,0,255,255,255,0,0,0,0,1000,0,-290,0,0
#DST_BUTTON,0,1000,1033,183,121,18,0,255,255,255,255,0,0,0,0,,,,,

//ゲージ種別 EXPERT,,,,,,,,,,,,,,,,,,,,
//SRC定義,(NULL),gr,x,y,w,h,div_x,div_y,cycle,timer,op1,op2,op3,,,,,,,
#SRC_IMAGE,0,0,805,131,121,18,1,1,0,0,0,0,0,,,,,,,
//DST定義,(NULL),time,x,y,w,h,acc,a,r,g,b,blend,filter,angle,center,loop,timer,op1,op2,op3
#DST_IMAGE,0,800,1033,183,121,18,0,0,255,255,255,0,0,0,0,1000,0,292,0,0
#DST_IMAGE,0,1000,1033,183,121,18,0,255,255,255,255,0,0,0,0,,,,,

//ゲージ種別 ノンストップ,,,,,,,,,,,,,,,,,,,,
//SRC定義,(NULL),1,x,y,w,h,div_x,div_y,cycle,timer,op1,op2,op3,,,,,,,
#SRC_IMAGE,0,0,805,167,121,18,1,1,0,0,0,0,0,,,,,,,
//DST定義,(NULL),time,x,y,w,h,acc,a,r,g,b,blend,filter,angle,center,loop,timer,op1,op2,op3
#DST_IMAGE,0,800,1033,183,121,18,0,0,255,255,255,0,0,0,0,1000,0,291,0,0
#DST_IMAGE,0,1000,1033,183,121,18,0,255,255,255,255,0,0,0,0,,,,,

//ゲージ種別 段位,,,,,,,,,,,,,,,,,,,,
//SRC定義,(NULL),gr,x,y,w,h,div_x,div_y,cycle,timer,op1,op2,op3,,,,,,,
#SRC_IMAGE,0,0,805,149,121,18,1,1,0,0,0,0,0,,,,,,,
//DST定義,(NULL),time,x,y,w,h,acc,a,r,g,b,blend,filter,angle,center,loop,timer,op1,op2,op3
#DST_IMAGE,0,800,1033,183,121,18,0,0,255,255,255,0,0,0,0,1000,0,293,0,0
#DST_IMAGE,0,1000,1033,183,121,18,0,255,255,255,255,0,0,0,0,,,,,

/////////////////////////////////////////////////
//ゲージ %,,,,
,,,,,,,,,,,,,,,,,,,,

#SRC_NUMBER,0,0,1116,154,130,15,10,1,0,0,107,0,3,,,,,,,
//DST定義,(NULL),time,x,y,w,h,acc,a,r,g,b,blend,filter,angle,center,loop,timer,op1,op2,op3
#DST_NUMBER,0,1000,1173,185,13,15,0,0,255,255,255,0,0,0,0,1100,0,42,0,0
#DST_NUMBER,0,1100,1173,185,13,15,0,255,255,255,255,0,0,0,

#SRC_NUMBER,0,0,1116,154,130,15,10,1,0,0,107,0,3,,,,,,,
//DST定義,(NULL),time,x,y,w,h,acc,a,r,g,b,blend,filter,angle,center,loop,timer,op1,op2,op3
#DST_NUMBER,0,1000,1173,185,13,15,0,0,255,255,255,0,0,0,0,1100,0,43,90,0
#DST_NUMBER,0,1100,1173,185,13,15,0,255,255,255,255,0,0,0,

#SRC_IMAGE,0,0,1116,154,13,15,1,1,0,0,0,0,0,,,,,,,
//DST定義,(NULL),time,x,y,w,h,acc,a,r,g,b,blend,filter,angle,center,loop,timer,op1,op2,op3
#DST_IMAGE,0,1000,1199,185,13,15,0,0,255,255,255,0,0,0,0,1100,0,43,91,0
#DST_IMAGE,0,1100,1199,185,13,15,0,255,255,255,255,0,0,0,
---------------------------------------------------------------------------

---------------------------------------------------------------------------------

-------------------------------------------------------------------------------------------


#IF,970,,,,,,,,,,,,
//クリアできなかった

//   >  dj clear
#SRC_IMAGE,0,0,1063,115,32,69,1,3,120,0,0,0,0,,,,,,,
//DST定義,(NULL),time,x,y,w,h,acc,a,r,g,b,blend,filter,angle,center,loop,timer,op1,op2,op3
#DST_IMAGE,0,700,990,235,32,23,2,0,256,256,256,1,0,0,0,740,0,0,0,0
#DST_IMAGE,0,740,990,235,32,23,2,255,256,256,256,1,0,,,,,,,
#DST_IMAGE,0,780,990,235,32,23,2,255,256,256,256,1,0,,,,,,,
//更新前データ,,,,,,,,,,,,,,,,,,,,
//SRC定義,(NULL),gr,x,y,w,h,div_x,div_y,cycle,timer,op1,op2,op3,,,,,,,
#SRC_IMAGE,0,23,0,0,82,48,1,3,100,0,0,0,0,,,,,,,
//DST定義,(NULL),time,x,y,w,h,acc,a,r,g,b,blend,filter,angle,center,loop,timer,op1,op2,op3
#DST_IMAGE,0,500,908,237,82,16,0,0,255,255,255,1,0,0,0,700,0,0,0,0
#DST_IMAGE,0,700,908,237,82,16,0,255,255,255,255,1,0,,,,,,,

//FAILED,,,,,,,,,,,,,,,,,,,,
//SRC定義,(NULL),gr,x,y,w,h,div_x,div_y,cycle,timer,op1,op2,op3,,,,,,,
#SRC_IMAGE,0,0,1197,97,82,16,1,1,140,0,0,0,0,,,,,,,
//DST定義,(NULL),time,x,y,w,h,acc,a,r,g,b,blend,filter,angle,center,loop,timer,op1,op2,op3
#DST_IMAGE,0,500,1021,237,82,16,0,0,255,255,255,1,0,0,0,700,0,0,0,0
#DST_IMAGE,0,700,1021,237,82,16,0,255,255,255,255,1,0,,,,,,,

#ENDIF,,,,,,,,,,,,,

#IF,972,,,,,,,,,,,,
//クリアできなかった


//FAILED,,,,,,,,,,,,,,,,,,,,
//SRC定義,(NULL),gr,x,y,w,h,div_x,div_y,cycle,timer,op1,op2,op3,,,,,,,
#SRC_IMAGE,0,0,1197,97,82,16,1,1,140,0,0,0,0,,,,,,,
//DST定義,(NULL),time,x,y,w,h,acc,a,r,g,b,blend,filter,angle,center,loop,timer,op1,op2,op3
#DST_IMAGE,0,500,908,237,82,16,0,0,255,255,255,1,0,0,0,700,0,0,0,0
#DST_IMAGE,0,700,908,237,82,16,0,255,255,255,255,1,0,,,,,,,

#ENDIF,,,,,,,,,,,,,

#IF,973,,,,,,,,,,,,
//クリアした
#SRC_IMAGE,0,0,930,618,364,42,1,1,0,0,0,0,0,,,,,,,
//DST定義,(NULL),time,x,y,w,h,acc,a,r,g,b,blend,filter,angle,center,loop,timer,op1,op2,op3
#DST_IMAGE,0,700,886,225,364,42,0,225,255,255,255,1,1,0,0,700,0,0,0,0
#DST_IMAGE,0,750,886,225,364,42,0,120,255,255,255,1,1,0,0,0,0,0,0,0
#DST_IMAGE,0,800,886,225,364,42,0,225,255,255,255,1,1,0,0,0,0,0,0,0
今回のクリア
//SRC定義,(NULL),gr,x,y,w,h,div_x,div_y,cycle,timer,type,click,panel,plusonly
#SRC_BUTTON,0,9,0,0,328,16,4,1,0,0,40,0,0,0
//DST定義,(NULL),time,x,y,w,h,acc,a,r,g,b,blend,filter,angle,center,loop,timer,op1,op2,op3
#DST_BUTTON,0,500,908,237,82,16,0,255,255,255,255,0,0,0,0,700,0,-105,0,0
#DST_BUTTON,0,700,908,237,82,16,0,255,255,255,255,0,0,0,0

//SRC定義,(NULL),gr,x,y,w,h,div_x,div_y,cycle,timer,op1,op2,op3,,,,,,,
#SRC_IMAGE,0,0,1197,0,82,48,1,3,140,0,0,0,0,,,,,,,
//DST定義,(NULL),time,x,y,w,h,acc,a,r,g,b,blend,filter,angle,center,loop,timer,op1,op2,op3
#DST_IMAGE,0,500,908,237,82,16,0,0,255,255,255,1,0,0,0,700,0,105,0,0
#DST_IMAGE,0,700,908,237,82,16,0,255,255,255,255,1,0,,,,,,,
#ENDIF,,,,,,,,,,,,,

//クリアした
#IF,971,,,,,

#SRC_IMAGE,0,0,930,618,364,42,1,1,0,0,0,0,0,,,,,,,
//DST定義,(NULL),time,x,y,w,h,acc,a,r,g,b,blend,filter,angle,center,loop,timer,op1,op2,op3
#DST_IMAGE,0,700,886,225,364,42,0,225,255,255,255,1,1,0,0,700,0,0,0,0
#DST_IMAGE,0,750,886,225,364,42,0,120,255,255,255,1,1,0,0,0,0,0,0,0
#DST_IMAGE,0,800,886,225,364,42,0,225,255,255,255,1,1,0,0,0,0,0,0,0

//   >  dj clear
#SRC_IMAGE,0,0,1063,115,32,69,1,3,120,0,0,0,0,,,,,,,
//DST定義,(NULL),time,x,y,w,h,acc,a,r,g,b,blend,filter,angle,center,loop,timer,op1,op2,op3
#DST_IMAGE,0,700,990,235,32,23,2,0,256,256,256,1,0,0,0,740,0,0,0,0
#DST_IMAGE,0,740,990,235,32,23,2,255,256,256,256,1,0,,,,,,,
#DST_IMAGE,0,780,990,235,32,23,2,255,256,256,256,1,0,,,,,,,

//更新前
//SRC定義,(NULL),gr,x,y,w,h,div_x,div_y,cycle,timer,op1,op2,op3,,,,,,,
#SRC_IMAGE,0,23,0,0,82,48,1,3,100,0,0,0,0,,,,,,,
//DST定義,(NULL),time,x,y,w,h,acc,a,r,g,b,blend,filter,angle,center,loop,timer,op1,op2,op3
#DST_IMAGE,0,500,908,237,82,16,0,0,255,255,255,1,0,0,0,700,0,0,0,0
#DST_IMAGE,0,700,908,237,82,16,0,255,255,255,255,1,0,,,,,,,





今回のクリア
//SRC定義,(NULL),gr,x,y,w,h,div_x,div_y,cycle,timer,type,click,panel,plusonly
#SRC_BUTTON,0,9,0,0,328,16,4,1,0,0,40,0,0,0
//DST定義,(NULL),time,x,y,w,h,acc,a,r,g,b,blend,filter,angle,center,loop,timer,op1,op2,op3
#DST_BUTTON,0,500,1021,237,82,16,0,255,255,255,255,0,0,0,0,700,0,-105,0,0
#DST_BUTTON,0,700,1021,237,82,16,0,255,255,255,255,0,0,0,0



//FULLCOMBO,,,,,,,,,,,,,,,,,,,,
//SRC定義,(NULL),gr,x,y,w,h,div_x,div_y,cycle,timer,op1,op2,op3,,,,,,,
#SRC_IMAGE,0,0,1197,0,82,48,1,3,140,0,0,0,0,,,,,,,
//DST定義,(NULL),time,x,y,w,h,acc,a,r,g,b,blend,filter,angle,center,loop,timer,op1,op2,op3
#DST_IMAGE,0,500,1021,237,82,16,0,0,255,255,255,1,0,0,0,700,0,105,0,0
#DST_IMAGE,0,700,1021,237,82,16,0,255,255,255,255,1,0,,,,,,,

#ENDIF,,,,,,,,,,,,,

--------------------------------------------------------------------------------------


//DJLEVEL update
#IF,335,,,,,,,,,,,,,,,,,,,

#SRC_IMAGE,0,0,930,618,364,42,1,1,0,0,0,0,0,,,,,,,
//DST定義,(NULL),time,x,y,w,h,acc,a,r,g,b,blend,filter,angle,center,loop,timer,op1,op2,op3
#DST_IMAGE,0,700,886,261,364,42,0,225,255,255,255,1,1,0,0,700,0,0,0,0
#DST_IMAGE,0,750,886,261,364,42,0,120,255,255,255,1,1,0,0,0,0,0,0,0
#DST_IMAGE,0,800,886,261,364,42,0,225,255,255,255,1,1,0,0,0,0,0,0,0

#ENDIF,,,,,,,,,,,,,,,,,,,,

//MYBEST update
#IF,330,,,,,,,,,,,,,,,,,,,
#SRC_IMAGE,0,0,930,618,364,42,1,1,0,0,0,0,0,,,,,,,
//DST定義,(NULL),time,x,y,w,h,acc,a,r,g,b,blend,filter,angle,center,loop,timer,op1,op2,op3
#DST_IMAGE,0,700,886,320,364,42,0,225,255,255,255,1,1,0,0,700,0,0,0,0
#DST_IMAGE,0,750,886,320,364,42,0,120,255,255,255,1,1,0,0,0,0,0,0,0
#DST_IMAGE,0,800,886,320,364,42,0,225,255,255,255,1,1,0,0,0,0,0,0,0

#ENDIF,,,,,,,,,,,,,,,,,,,,

//BP update
#IF,332,,,,,,,,,,,,,,,,,,,
#SRC_IMAGE,0,0,930,618,364,42,1,1,0,0,0,0,0,,,,,,,
//DST定義,(NULL),time,x,y,w,h,acc,a,r,g,b,blend,filter,angle,center,loop,timer,op1,op2,op3
#DST_IMAGE,0,700,886,379,364,42,0,225,255,255,255,1,1,0,0,700,0,0,0,0
#DST_IMAGE,0,750,886,379,364,42,0,120,255,255,255,1,1,0,0,0,0,0,0,0
#DST_IMAGE,0,800,886,379,364,42,0,225,255,255,255,1,1,0,0,0,0,0,0,0
#ENDIF,,,,,,,,,,,,,,,,,,,,




//////////////////////////////

//   >  dj level
#SRC_IMAGE,0,0,1063,115,32,69,1,3,120,0,0,0,0,,,,,,,
//DST定義,(NULL),time,x,y,w,h,acc,a,r,g,b,blend,filter,angle,center,loop,timer,op1,op2,op3
#DST_IMAGE,0,700,990,270,32,23,2,0,256,256,256,1,0,0,0,740,0,0,0,0
#DST_IMAGE,0,740,990,270,32,23,2,255,256,256,256,1,0,,,,,,,
#DST_IMAGE,0,780,990,270,32,23,2,255,256,256,256,1,0,,,,,,,

//   >  exscore
#SRC_IMAGE,0,0,1063,115,32,69,1,3,120,0,0,0,0,,,,,,,
//DST定義,(NULL),time,x,y,w,h,acc,a,r,g,b,blend,filter,angle,center,loop,timer,op1,op2,op3
#DST_IMAGE,0,700,990,330,32,23,2,0,256,256,256,1,0,0,0,740,0,0,0,0
#DST_IMAGE,0,740,990,330,32,23,2,255,256,256,256,1,0,,,,,,,
#DST_IMAGE,0,780,990,330,32,23,2,255,256,256,256,1,0,,,,,,,

//   >  miss
#SRC_IMAGE,0,0,1063,115,32,69,1,3,120,0,0,0,0,,,,,,,
//DST定義,(NULL),time,x,y,w,h,acc,a,r,g,b,blend,filter,angle,center,loop,timer,op1,op2,op3
#DST_IMAGE,0,700,990,389,32,23,2,0,256,256,256,1,0,0,0,740,0,0,0,0
#DST_IMAGE,0,740,990,389,32,23,2,255,256,256,256,1,0,,,,,,,
#DST_IMAGE,0,780,990,389,32,23,2,255,256,256,256,1,0,,,,,,,


,,,,,,,,,,,,,,,,,,,,
//DJ LEVEL更新前,,,,,,,,,,,,,,,,,,,,
,,,,,,,,,,,,,,,,,,,,
//AAA,//option320 更新前 AAA,,,,,,,,,,,,,,,,,,,
//SRC定義,(NULL),gr,x,y,w,h,div_x,div_y,cycle,timer,op1,op2,op3,,,,,,,
#SRC_IMAGE,0,0,865,214,58,21,1,1,0,0,0,0,0,,,,,,,
//DST定義,(NULL),time,x,y,w,h,acc,a,r,g,b,blend,filter,angle,center,loop,timer,op1,op2,op3
#DST_IMAGE,0,500,920,271,58,21,0,0,255,255,255,1,0,0,0,700,0,320,0,0
#DST_IMAGE,0,700,920,271,58,21,0,255,255,255,255,1,0,0,0,,,,,
,,,,,,,,,,,,,,,,,,,,
//AA,//option321 更新前 AA,,,,,,,,,,,,,,,,,,,
//SRC定義,(NULL),gr,x,y,w,h,div_x,div_y,cycle,timer,op1,op2,op3,,,,,,,
#SRC_IMAGE,0,0,865,235,58,21,1,1,0,0,0,0,0,,,,,,,
//DST定義,(NULL),time,x,y,w,h,acc,a,r,g,b,blend,filter,angle,center,loop,timer,op1,op2,op3
#DST_IMAGE,0,500,920,271,58,21,0,0,255,255,255,1,0,0,0,700,0,321,0,0
#DST_IMAGE,0,700,920,271,58,21,0,255,255,255,255,1,0,0,0,,,,,
,,,,,,,,,,,,,,,,,,,,
//A,//option322 更新前 A,,,,,,,,,,,,,,,,,,,
//SRC定義,(NULL),gr,x,y,w,h,div_x,div_y,cycle,timer,op1,op2,op3,,,,,,,
#SRC_IMAGE,0,0,865,256,58,21,1,1,0,0,0,0,0,,,,,,,
//DST定義,(NULL),time,x,y,w,h,acc,a,r,g,b,blend,filter,angle,center,loop,timer,op1,op2,op3
#DST_IMAGE,0,500,920,271,58,21,0,0,255,255,255,1,0,0,0,700,0,322,0,0
#DST_IMAGE,0,700,920,271,58,21,0,255,255,255,255,1,0,0,0,,,,,
,,,,,,,,,,,,,,,,,,,,
//B,//option323 更新前 B,,,,,,,,,,,,,,,,,,,
//SRC定義,(NULL),gr,x,y,w,h,div_x,div_y,cycle,timer,op1,op2,op3,,,,,,,
#SRC_IMAGE,0,0,865,277,58,21,1,1,0,0,0,0,0,,,,,,,
//DST定義,(NULL),time,x,y,w,h,acc,a,r,g,b,blend,filter,angle,center,loop,timer,op1,op2,op3
#DST_IMAGE,0,500,920,271,58,21,0,0,255,255,255,1,0,0,0,700,0,323,0,0
#DST_IMAGE,0,700,920,271,58,21,0,255,255,255,255,1,0,0,0,,,,,
,,,,,,,,,,,,,,,,,,,,
//C,//option324 更新前 C,,,,,,,,,,,,,,,,,,,
//SRC定義,(NULL),gr,x,y,w,h,div_x,div_y,cycle,timer,op1,op2,op3,,,,,,,
#SRC_IMAGE,0,0,865,298,58,21,1,1,0,0,0,0,0,,,,,,,
//DST定義,(NULL),time,x,y,w,h,acc,a,r,g,b,blend,filter,angle,center,loop,timer,op1,op2,op3
#DST_IMAGE,0,500,920,271,58,21,0,0,255,255,255,1,0,0,0,700,0,324,0,0
#DST_IMAGE,0,700,920,271,58,21,0,255,255,255,255,1,0,0,0,,,,,
,,,,,,,,,,,,,,,,,,,,
//D,//option325 更新前 D,,,,,,,,,,,,,,,,,,,
//SRC定義,(NULL),gr,x,y,w,h,div_x,div_y,cycle,timer,op1,op2,op3,,,,,,,
#SRC_IMAGE,0,0,865,319,58,21,1,1,0,0,0,0,0,,,,,,,
//DST定義,(NULL),time,x,y,w,h,acc,a,r,g,b,blend,filter,angle,center,loop,timer,op1,op2,op3
#DST_IMAGE,0,500,920,271,58,21,0,0,255,255,255,1,0,0,0,700,0,325,0,0
#DST_IMAGE,0,700,920,271,58,21,0,255,255,255,255,1,0,0,0,,,,,
,,,,,,,,,,,,,,,,,,,,
//E,//option326 更新前 E,,,,,,,,,,,,,,,,,,,
//SRC定義,(NULL),gr,x,y,w,h,div_x,div_y,cycle,timer,op1,op2,op3,,,,,,,
#SRC_IMAGE,0,0,865,340,58,21,1,1,0,0,0,0,0,,,,,,,
//DST定義,(NULL),time,x,y,w,h,acc,a,r,g,b,blend,filter,angle,center,loop,timer,op1,op2,op3
#DST_IMAGE,0,500,920,271,58,21,0,0,255,255,255,1,0,0,0,700,0,326,0,0
#DST_IMAGE,0,700,920,271,58,21,0,255,255,255,255,1,0,0,0,,,,,
,,,,,,,,,,,,,,,,,,,,
//F,//option327 更新前 F,,,,,,,,,,,,,,,,,,,
//SRC定義,(NULL),gr,x,y,w,h,div_x,div_y,cycle,timer,op1,op2,op3,,,,,,,
#SRC_IMAGE,0,0,865,361,58,21,1,1,0,0,0,0,0,,,,,,,
//DST定義,(NULL),time,x,y,w,h,acc,a,r,g,b,blend,filter,angle,center,loop,timer,op1,op2,op3
#DST_IMAGE,0,500,920,271,58,21,0,0,255,255,255,1,0,0,0,700,0,327,0,0
#DST_IMAGE,0,700,920,271,58,21,0,255,255,255,255,1,0,0,0,,,,,
,,,,,,,,,,,,,,,,,,,,




//DJ LEVEL更新後,,,,,,,,,,,,,,,,,,,,
,,,,,,,,,,,,,,,,,,,,
//AAA,//option320 更新前 AAA,,,,,,,,,,,,,,,,,,,
//SRC定義,(NULL),gr,x,y,w,h,div_x,div_y,cycle,timer,op1,op2,op3,,,,,,,
#SRC_IMAGE,0,0,865,214,58,21,1,1,0,0,0,0,0,,,,,,,
//DST定義,(NULL),time,x,y,w,h,acc,a,r,g,b,blend,filter,angle,center,loop,timer,op1,op2,op3
#DST_IMAGE,0,500,1033,271,58,21,0,0,255,255,255,1,0,0,0,700,0,340,0,0
#DST_IMAGE,0,700,1033,271,58,21,0,255,255,255,255,1,0,0,0,,,,,
,,,,,,,,,,,,,,,,,,,,
//AA,//option321 更新前 AA,,,,,,,,,,,,,,,,,,,
//SRC定義,(NULL),gr,x,y,w,h,div_x,div_y,cycle,timer,op1,op2,op3,,,,,,,
#SRC_IMAGE,0,0,865,235,58,21,1,1,0,0,0,0,0,,,,,,,
//DST定義,(NULL),time,x,y,w,h,acc,a,r,g,b,blend,filter,angle,center,loop,timer,op1,op2,op3
#DST_IMAGE,0,500,1033,271,58,21,0,0,255,255,255,1,0,0,0,700,0,341,0,0
#DST_IMAGE,0,700,1033,271,58,21,0,255,255,255,255,1,0,0,0,,,,,
,,,,,,,,,,,,,,,,,,,,
//A,//option322 更新前 A,,,,,,,,,,,,,,,,,,,
//SRC定義,(NULL),gr,x,y,w,h,div_x,div_y,cycle,timer,op1,op2,op3,,,,,,,
#SRC_IMAGE,0,0,865,256,58,21,1,1,0,0,0,0,0,,,,,,,
//DST定義,(NULL),time,x,y,w,h,acc,a,r,g,b,blend,filter,angle,center,loop,timer,op1,op2,op3
#DST_IMAGE,0,500,1033,271,58,21,0,0,255,255,255,1,0,0,0,700,0,342,0,0
#DST_IMAGE,0,700,1033,271,58,21,0,255,255,255,255,1,0,0,0,,,,,
,,,,,,,,,,,,,,,,,,,,
//B,//option323 更新前 B,,,,,,,,,,,,,,,,,,,
//SRC定義,(NULL),gr,x,y,w,h,div_x,div_y,cycle,timer,op1,op2,op3,,,,,,,
#SRC_IMAGE,0,0,865,277,58,21,1,1,0,0,0,0,0,,,,,,,
//DST定義,(NULL),time,x,y,w,h,acc,a,r,g,b,blend,filter,angle,center,loop,timer,op1,op2,op3
#DST_IMAGE,0,500,1033,271,58,21,0,0,255,255,255,1,0,0,0,700,0,343,0,0
#DST_IMAGE,0,700,1033,271,58,21,0,255,255,255,255,1,0,0,0,,,,,
,,,,,,,,,,,,,,,,,,,,
//C,//option324 更新前 C,,,,,,,,,,,,,,,,,,,
//SRC定義,(NULL),gr,x,y,w,h,div_x,div_y,cycle,timer,op1,op2,op3,,,,,,,
#SRC_IMAGE,0,0,865,298,58,21,1,1,0,0,0,0,0,,,,,,,
//DST定義,(NULL),time,x,y,w,h,acc,a,r,g,b,blend,filter,angle,center,loop,timer,op1,op2,op3
#DST_IMAGE,0,500,1033,271,58,21,0,0,255,255,255,1,0,0,0,700,0,344,0,0
#DST_IMAGE,0,700,1033,271,58,21,0,255,255,255,255,1,0,0,0,,,,,
,,,,,,,,,,,,,,,,,,,,
//D,//option325 更新前 D,,,,,,,,,,,,,,,,,,,
//SRC定義,(NULL),gr,x,y,w,h,div_x,div_y,cycle,timer,op1,op2,op3,,,,,,,
#SRC_IMAGE,0,0,865,319,58,21,1,1,0,0,0,0,0,,,,,,,
//DST定義,(NULL),time,x,y,w,h,acc,a,r,g,b,blend,filter,angle,center,loop,timer,op1,op2,op3
#DST_IMAGE,0,500,1033,271,58,21,0,0,255,255,255,1,0,0,0,700,0,345,0,0
#DST_IMAGE,0,700,1033,271,58,21,0,255,255,255,255,1,0,0,0,,,,,
,,,,,,,,,,,,,,,,,,,,
//E,//option326 更新前 E,,,,,,,,,,,,,,,,,,,
//SRC定義,(NULL),gr,x,y,w,h,div_x,div_y,cycle,timer,op1,op2,op3,,,,,,,
#SRC_IMAGE,0,0,865,340,58,21,1,1,0,0,0,0,0,,,,,,,
//DST定義,(NULL),time,x,y,w,h,acc,a,r,g,b,blend,filter,angle,center,loop,timer,op1,op2,op3
#DST_IMAGE,0,500,1033,271,58,21,0,0,255,255,255,1,0,0,0,700,0,346,0,0
#DST_IMAGE,0,700,1033,271,58,21,0,255,255,255,255,1,0,0,0,,,,,
,,,,,,,,,,,,,,,,,,,,
//F,//option327 更新前 F,,,,,,,,,,,,,,,,,,,
//SRC定義,(NULL),gr,x,y,w,h,div_x,div_y,cycle,timer,op1,op2,op3,,,,,,,
#SRC_IMAGE,0,0,865,361,58,21,1,1,0,0,0,0,0,,,,,,,
//DST定義,(NULL),time,x,y,w,h,acc,a,r,g,b,blend,filter,angle,center,loop,timer,op1,op2,op3
#DST_IMAGE,0,500,1033,271,58,21,0,0,255,255,255,1,0,0,0,700,0,347,0,0
#DST_IMAGE,0,700,1033,271,58,21,0,255,255,255,255,1,0,0,0,,,,,
,,,,,,,,,,,,,,,,,,,,





///////////////////////////////////////

//next rank,,,,,,,,,,,,,,,,
//MAX,,,,,,,,,,,,,,,,,,,,
//SRC定義,(null),gr,x,y,w,h,div_x,div_y,cycle,timer,num,align,keta,,,,,,,
#SRC_IMAGE,0,0,865,193,58,21,1,1,0,0,0,0,0,,,,,,,
//DST定義,(NULL),time,x,y,w,h,acc,a,r,g,b,blend,filter,angle,center,loop,timer,op1,op2,op3
#DST_IMAGE,0,800,904,299,58,21,0,255,255,255,255,1,1,0,0,0,0,300,0,0
//AAA,,,,,,,,,,,,,,,,,,,,
//SRC定義,(null),gr,x,y,w,h,div_x,div_y,cycle,timer,num,align,keta,,,,,,,
#SRC_IMAGE,0,0,865,214,58,21,1,1,0,0,0,0,0,,,,,,,
//DST定義,(NULL),time,x,y,w,h,acc,a,r,g,b,blend,filter,angle,center,loop,timer,op1,op2,op3
#DST_IMAGE,0,800,904,299,58,21,0,255,255,255,255,1,1,0,0,0,0,301,0,0
//AA,,,,,,,,,,,,,,,,,,,,
//SRC定義,(null),gr,x,y,w,h,div_x,div_y,cycle,timer,num,align,keta,,,,,,,
#SRC_IMAGE,0,0,865,235,58,21,1,1,0,0,0,0,0,,,,,,,
//DST定義,(NULL),time,x,y,w,h,acc,a,r,g,b,blend,filter,angle,center,loop,timer,op1,op2,op3
#DST_IMAGE,0,800,904,299,58,21,0,255,255,255,255,1,1,0,0,0,0,302,0,0
/A,,,,,,,,,,,,,,,,,,,,
//SRC定義,(null),gr,x,y,w,h,div_x,div_y,cycle,timer,num,align,keta,,,,,,,
#SRC_IMAGE,0,0,865,256,58,21,1,1,0,0,0,0,0,,,,,,,
//DST定義,(NULL),time,x,y,w,h,acc,a,r,g,b,blend,filter,angle,center,loop,timer,op1,op2,op3
#DST_IMAGE,0,800,904,299,58,21,0,255,255,255,255,1,1,0,0,0,0,303,0,0
//B,,,,,,,,,,,,,,,,,,,,
//SRC定義,(null),gr,x,y,w,h,div_x,div_y,cycle,timer,num,align,keta,,,,,,,
#SRC_IMAGE,0,0,865,277,58,21,1,1,0,0,0,0,0,,,,,,,
//DST定義,(NULL),time,x,y,w,h,acc,a,r,g,b,blend,filter,angle,center,loop,timer,op1,op2,op3
#DST_IMAGE,0,800,904,299,58,21,0,255,255,255,255,1,1,0,0,0,0,304,0,0
//C,,,,,,,,,,,,,,,,,,,,
//SRC定義,(null),gr,x,y,w,h,div_x,div_y,cycle,timer,num,align,keta,,,,,,,
#SRC_IMAGE,0,0,865,298,58,21,1,1,0,0,0,0,0,,,,,,,
//DST定義,(NULL),time,x,y,w,h,acc,a,r,g,b,blend,filter,angle,center,loop,timer,op1,op2,op3
#DST_IMAGE,0,800,904,299,58,21,0,255,255,255,255,1,1,0,0,0,0,305,0,0
//D,,,,,,,,,,,,,,,,,,,,
//SRC定義,(null),gr,x,y,w,h,div_x,div_y,cycle,timer,num,align,keta,,,,,,,
#SRC_IMAGE,0,0,865,319,58,21,1,1,0,0,0,0,0,,,,,,,
//DST定義,(NULL),time,x,y,w,h,acc,a,r,g,b,blend,filter,angle,center,loop,timer,op1,op2,op3
#DST_IMAGE,0,800,904,299,58,21,0,255,255,255,255,1,1,0,0,0,0,306,0,0
//E,,,,,,,,,,,,,,,,,,,
//SRC定義,(null),gr,x,y,w,h,div_x,div_y,cycle,timer,num,align,keta,,,,,,,
#SRC_IMAGE,0,0,865,340,58,21,1,1,0,0,0,0,0,,,,,,,
//DST定義,(NULL),time,x,y,w,h,acc,a,r,g,b,blend,filter,angle,center,loop,timer,op1,op2,op3
#DST_IMAGE,0,800,904,299,58,21,0,255,255,255,255,1,1,0,0,0,0,307,0,0



//next rankとの差分,,,,,,,,,,,,,,,,,,,,
//SRC定義,(null),gr,x,y,w,h,div_x,div_y,cycle,timer,num,align,keta,,,,,,,
#SRC_NUMBER,0,0,957,19,240,34,12,2,0,0,154,0,4,,,,,,,
//DST定義,(NULL),time,x,y,w,h,acc,a,r,g,b,blend,filter,angle,center,loop,timer,op1,op2,op3
#DST_NUMBER,0,700,967,301,20,17,0,0,255,255,255,1,0,0,0,900,0,0,0,0
#DST_NUMBER,0,900,967,301,20,17,0,255,255,255,255,1,0,0,0,,,,,





//EXSCORE 更新前,,,,,,,,,,,,,,,,,,,,
//SRC定義,(null),gr,x,y,w,h,div_x,div_y,cycle,timer,num,align,keta,,,,,,,
#SRC_NUMBER,0,10,0,0,220,17,11,1,0,0,170,0,4,,,,,,,
//DST定義,(NULL),time,x,y,w,h,acc,a,r,g,b,blend,filter,angle,center,loop,timer,op1,op2,op3
#DST_NUMBER,0,500,910,332,20,17,0,30,255,255,255,1,0,0,0,700,0,-100,0,0
#DST_NUMBER,0,700,910,332,20,17,0,255,255,255,255,1,0,0,0,0,0,0,0,0

//BP 更新前,,,,,,,,,,,,,,,,,,,,
//SRC定義,(null),gr,x,y,w,h,div_x,div_y,cycle,timer,num,align,keta,,,,,,,
#SRC_NUMBER,0,10,0,0,220,17,11,1,0,0,176,0,4,,,,,,,
//DST定義,(NULL),time,x,y,w,h,acc,a,r,g,b,blend,filter,angle,center,loop,timer,op1,op2,op3
#DST_NUMBER,0,500,910,391,20,17,0,30,255,255,255,1,0,0,0,700,0,-100,0,0
#DST_NUMBER,0,700,910,391,20,17,0,255,255,255,255,1,0,0,0,0,0,0,0,0




//EXSCORE 更新,,,,,,,,,,,,,,,,,,,,
//SRC定義,(null),gr,x,y,w,h,div_x,div_y,cycle,timer,num,align,keta,,,,,,,
#SRC_NUMBER,0,10,0,0,220,17,11,1,0,0,171,0,4,,,,,,,
//DST定義,(NULL),time,x,y,w,h,acc,a,r,g,b,blend,filter,angle,center,loop,timer,op1,op2,op3
#DST_NUMBER,0,500,1020,332,20,17,0,30,255,255,255,1,0,0,0,700,0,0,0,0
#DST_NUMBER,0,700,1020,332,20,17,0,255,255,255,255,1,0,0,0,0,0,0,0,0

//SRC定義,(null),gr,x,y,w,h,div_x,div_y,cycle,timer,num,align,keta,,,,,,,
#SRC_NUMBER,0,0,957,19,240,34,12,2,0,0,172,0,4,,,,,,,
//DST定義,(NULL),time,x,y,w,h,acc,a,r,g,b,blend,filter,angle,center,loop,timer,op1,op2,op3
#DST_NUMBER,0,700,905,360,20,17,0,0,255,255,255,1,0,0,0,900,0,0,0,0
#DST_NUMBER,0,900,905,360,20,17,0,255,255,255,255,1,0,0,0,,,,,

//BP 更新,,,,,,,,,,,,,,,,,,,,
//SRC定義,(null),gr,x,y,w,h,div_x,div_y,cycle,timer,num,align,keta,,,,,,,
#SRC_NUMBER,0,10,0,0,220,17,11,1,0,0,177,0,4,,,,,,,
//DST定義,(NULL),time,x,y,w,h,acc,a,r,g,b,blend,filter,angle,center,loop,timer,op1,op2,op3
#DST_NUMBER,0,500,1020,391,20,17,0,30,255,255,255,1,0,0,0,700,0,0,0,0
#DST_NUMBER,0,700,1020,391,20,17,0,255,255,255,255,1,0,0,0,0,0,0,0,0

//MISSCOUNTとの差分,,,,,,,,,,,,,,,,,,,,
//SRC定義,(null),gr,x,y,w,h,div_x,div_y,cycle,timer,num,align,keta,,,,,,,
#SRC_NUMBER,0,0,957,19,240,34,12,2,0,0,178,0,4,,,,,,,
//DST定義,(NULL),time,x,y,w,h,acc,a,r,g,b,blend,filter,angle,center,loop,timer,op1,op2,op3
#DST_NUMBER,0,700,905,419,20,17,0,0,255,255,255,1,0,0,0,900,0,0,0,0
#DST_NUMBER,0,900,905,419,20,17,0,255,255,255,255,1,0,0,0,,,,,

//TARGET,,,,,,,,,,,,,,,,,,,,
//SRC定義,(null),gr,x,y,w,h,div_x,div_y,cycle,timer,num,align,keta,,,,,,,
#SRC_NUMBER,0,10,0,0,220,17,11,1,0,0,121,0,4,,,,,,,
//DST定義,(NULL),time,x,y,w,h,acc,a,r,g,b,blend,filter,angle,center,loop,timer,op1,op2,op3
#DST_NUMBER,0,500,910,450,20,17,0,30,255,255,255,1,0,0,0,700,0,0,0,0
#DST_NUMBER,0,700,910,450,20,17,0,255,255,255,255,1,0,0,0,0,0,0,0,0

//TARGET差分,,,,,,,,,,,,,,,,,,,,
//SRC定義,(null),gr,x,y,w,h,div_x,div_y,cycle,timer,num,align,keta,,,,,,,
#SRC_NUMBER,0,0,957,19,240,34,12,2,0,0,108,0,4,,,,,,,
//DST定義,(NULL),time,x,y,w,h,acc,a,r,g,b,blend,filter,angle,center,loop,timer,op1,op2,op3
#DST_NUMBER,0,700,905,478,20,17,0,0,255,255,255,1,0,0,0,900,0,0,0,0
#DST_NUMBER,0,900,905,478,20,17,0,255,255,255,255,1,0,0,0,,,,,


//combo
//SRC定義,(null),gr,x,y,w,h,div_x,div_y,cycle,timer,num,align,keta,,,,,,,
#SRC_NUMBER,0,0,970,78,132,11,11,1,0,0,105,0,4,,,,,,,
//DST定義,(NULL),time,x,y,w,h,acc,a,r,g,b,blend,filter,angle,center,loop,timer,op1,op2,op3
#DST_NUMBER,0,700,1118,605,12,11,0,0,255,255,255,0,0,0,0,900,0,0,0,0
#DST_NUMBER,0,900,1118,605,12,11,0,255,255,255,255,0,0,0,0,0,0,0,0,0

/total note,,,,,,,,,,,,,,,,,,,,
//SRC定義,(null),gr,x,y,w,h,div_x,div_y,cycle,timer,num,align,keta,,,,,,,
#SRC_NUMBER,0,0,970,78,132,11,11,1,0,0,106,0,4,,,,,,,
//DST定義,(NULL),time,x,y,w,h,acc,a,r,g,b,blend,filter,angle,center,loop,timer,op1,op2,op3
#DST_NUMBER,0,700,1178,605,12,11,0,30,255,255,255,0,0,0,0,900,0,0,0,0
#DST_NUMBER,0,900,1178,605,12,11,0,255,255,255,255,0,0,0,0,0,0,0,0,0
//combo /
//SRC定義,(NULL),gr,x,y,w,h,div_x,div_y,cycle,timer,op1,op2,op3,,,,,,,
#SRC_IMAGE,0,0,1155,78,7,11,1,1,0,0,0,0,0,,,,,,,
//DST定義,(NULL),time,x,y,w,h,acc,a,r,g,b,blend,filter,angle,center,loop,timer,op1,op2,op3
#DST_IMAGE,0,700,1169,605,7,11,0,0,255,255,255,0,0,0,0,900,0,0,0,0
#DST_IMAGE,0,900,1169,605,7,11,0,255,255,255,255,0,0,0,0

//PGREAT
//SRC定義,(null),gr,x,y,w,h,div_x,div_y,cycle,timer,num,align,keta,,,,,,,
#SRC_NUMBER,0,0,970,78,132,11,11,1,0,0,110,0,4,,,,,,,
//DST定義,(NULL),time,x,y,w,h,acc,a,r,g,b,blend,filter,angle,center,loop,timer,op1,op2,op3
#DST_NUMBER,0,700,993,540,12,11,0,0,255,255,255,0,0,0,0,900,0,0,0,0
#DST_NUMBER,0,900,993,540,12,11,0,255,255,255,255,0,0,0,0,0,0,0,0,0

//GREAT
//SRC定義,(null),gr,x,y,w,h,div_x,div_y,cycle,timer,num,align,keta,,,,,,,
#SRC_NUMBER,0,0,970,78,132,11,11,1,0,0,111,0,4,,,,,,,
//DST定義,(NULL),time,x,y,w,h,acc,a,r,g,b,blend,filter,angle,center,loop,timer,op1,op2,op3
#DST_NUMBER,0,700,993,560,12,11,0,0,255,255,255,0,0,0,0,900,0,0,0,0
#DST_NUMBER,0,900,993,560,12,11,0,255,255,255,255,0,0,0,0,0,0,0,0,0

//GOOD
//SRC定義,(null),gr,x,y,w,h,div_x,div_y,cycle,timer,num,align,keta,,,,,,,
#SRC_NUMBER,0,0,970,78,132,11,11,1,0,0,112,0,4,,,,,,,
//DST定義,(NULL),time,x,y,w,h,acc,a,r,g,b,blend,filter,angle,center,loop,timer,op1,op2,op3
#DST_NUMBER,0,700,993,580,12,11,0,0,255,255,255,0,0,0,0,900,0,0,0,0
#DST_NUMBER,0,900,993,580,12,11,0,255,255,255,255,0,0,0,0,0,0,0,0,0

//BAD
//SRC定義,(null),gr,x,y,w,h,div_x,div_y,cycle,timer,num,align,keta,,,,,,,
#SRC_NUMBER,0,0,970,78,132,11,11,1,0,0,113,0,4,,,,,,,
//DST定義,(NULL),time,x,y,w,h,acc,a,r,g,b,blend,filter,angle,center,loop,timer,op1,op2,op3
#DST_NUMBER,0,700,993,600,12,11,0,0,255,255,255,0,0,0,0,900,0,0,0,0
#DST_NUMBER,0,900,993,600,12,11,0,255,255,255,255,0,0,0,0,0,0,0,0,0

//POOR
//SRC定義,(null),gr,x,y,w,h,div_x,div_y,cycle,timer,num,align,keta,,,,,,,
#SRC_NUMBER,0,0,970,78,132,11,11,1,0,0,114,0,4,,,,,,,
//DST定義,(NULL),time,x,y,w,h,acc,a,r,g,b,blend,filter,angle,center,loop,timer,op1,op2,op3
#DST_NUMBER,0,700,993,620,12,11,0,0,255,255,255,0,0,0,0,900,0,0,0,0
#DST_NUMBER,0,900,993,620,12,11,0,255,255,255,255,0,0,0,0,0,0,0,0,0

//RATE
//SRC定義,(null),gr,x,y,w,h,div_x,div_y,cycle,timer,num,align,keta,,,,,,,
#SRC_NUMBER,0,0,970,78,120,11,10,1,0,0,102,0,3,,,,,,,
//DST定義,(NULL),time,x,y,w,h,acc,a,r,g,b,blend,filter,angle,center,loop,timer,op1,op2,op3
#DST_NUMBER,0,700,975,644,12,11,0,0,255,255,255,0,0,0,0,900,0,0,0,0
#DST_NUMBER,0,900,975,644,12,11,0,255,255,255,255,0,0,0,0,0,0,0,0,0
//RATE 00
//SRC定義,(null),gr,x,y,w,h,div_x,div_y,cycle,timer,num,align,keta,,,,,,,
#SRC_NUMBER,0,0,970,91,132,11,11,1,0,0,103,0,2,,,,,,,
//DST定義,(NULL),time,x,y,w,h,acc,a,r,g,b,blend,filter,angle,center,loop,timer,op1,op2,op3
#DST_NUMBER,0,700,1017,644,12,11,0,0,255,255,255,0,0,0,0,900,0,0,0,0
#DST_NUMBER,0,900,1017,644,12,11,0,255,255,255,255,0,0,0,0,0,0,0,0,0

//%
//SRC定義,(NULL),gr,x,y,w,h,div_x,div_y,cycle,timer,op1,op2,op3,,,,,,,
#SRC_IMAGE,0,0,1111,78,40,11,1,1,0,0,0,0,0,,,,,,,
//DST定義,(NULL),time,x,y,w,h,acc,a,r,g,b,blend,filter,angle,center,loop,timer,op1,op2,op3
#DST_IMAGE,0,700,1013,644,40,11,0,0,255,255,255,0,0,0,0,900,0,0,0,0
#DST_IMAGE,0,900,1013,644,40,11,0,255,255,255,255,0,0,0,0

//my Ranking
//SRC定義,(null),gr,x,y,w,h,div_x,div_y,cycle,timer,num,align,keta,,,,,,,
#SRC_NUMBER,0,0,970,78,132,11,11,1,0,0,179,0,5,,,,,,,
//DST定義,(NULL),time,x,y,w,h,acc,a,r,g,b,blend,filter,angle,center,loop,timer,op1,op2,op3
#DST_NUMBER,0,700,1093,644,12,11,0,0,255,255,255,0,0,0,0,900,0,51,0,0
#DST_NUMBER,0,900,1093,644,12,11,0,255,255,255,255,0,0,0,0,0,0,0,0,0
//Ranking all
//SRC定義,(null),gr,x,y,w,h,div_x,div_y,cycle,timer,num,align,keta,,,,,,,
#SRC_NUMBER,0,0,970,78,132,11,11,1,0,0,180,0,5,,,,,,,
//DST定義,(NULL),time,x,y,w,h,acc,a,r,g,b,blend,filter,angle,center,loop,timer,op1,op2,op3
#DST_NUMBER,0,700,1165,644,12,11,0,0,255,255,255,0,0,0,0,900,0,51,0,0
#DST_NUMBER,0,900,1165,644,12,11,0,255,255,255,255,0,0,0,0,0,0,0,0,0
//Ranking /
//SRC定義,(NULL),gr,x,y,w,h,div_x,div_y,cycle,timer,op1,op2,op3,,,,,,,
#SRC_IMAGE,0,0,1155,78,7,11,1,1,0,0,0,0,0,,,,,,,
//DST定義,(NULL),time,x,y,w,h,acc,a,r,g,b,blend,filter,angle,center,loop,timer,op1,op2,op3
#DST_IMAGE,0,700,1156,644,7,11,0,0,255,255,255,0,0,0,0,900,0,0,0,0
#DST_IMAGE,0,900,1156,644,7,11,0,255,255,255,255,0,0,0,0
//my Ranking
//SRC定義,(null),gr,x,y,w,h,div_x,div_y,cycle,timer,num,align,keta,,,,,,,
#SRC_IMAGE,0,0,1124,106,64,5,1,1,0,0,0,0,0,,,,,,,
//DST定義,(NULL),time,x,y,w,h,acc,a,r,g,b,blend,filter,angle,center,loop,timer,op1,op2,op3
#DST_IMAGE,0,700,1093,647,64,5,0,0,255,255,255,0,0,0,0,900,0,50,0,0
#DST_IMAGE,0,900,1093,647,64,5,0,255,255,255,255,0,0,0,0,0,0,0,0,0
//Ranking all
//SRC定義,(null),gr,x,y,w,h,div_x,div_y,cycle,timer,num,align,keta,,,,,,,
#SRC_IMAGE,0,0,1124,106,64,5,1,1,0,0,0,0,0,,,,,,,
//DST定義,(NULL),time,x,y,w,h,acc,a,r,g,b,blend,filter,angle,center,loop,timer,op1,op2,op3
#DST_IMAGE,0,700,1166,647,64,5,0,0,255,255,255,0,0,0,0,900,0,50,0,0
#DST_IMAGE,0,900,1166,647,64,5,0,255,255,255,255,0,0,0,0,0,0,0,0,0

#IF,926,
//fast slow text
//SRC定義,(NULL),gr,x,y,w,h,div_x,div_y,cycle,timer,op1,op2,op3,,,,,,,
#SRC_IMAGE,0,0,807,552,104,11,1,1,0,0,0,0,0,,,,,,,
//DST定義,(NULL),time,x,y,w,h,acc,a,r,g,b,blend,filter,angle,center,loop,timer,op1,op2,op3
#DST_IMAGE,0,700,1122,547,104,11,0,0,255,255,255,0,0,0,0,900,0,0,0,0
#DST_IMAGE,0,900,1122,547,104,11,0,255,255,255,255,0,0,0,0

//fast
//SRC定義,(null),gr,x,y,w,h,div_x,div_y,cycle,timer,num,align,keta,,,,,,,
#SRC_NUMBER,0,0,970,78,132,11,11,1,0,0,212,0,4,,,,,,,
//DST定義,(NULL),time,x,y,w,h,acc,a,r,g,b,blend,filter,angle,center,loop,timer,op1,op2,op3
#DST_NUMBER,0,700,1118,565,12,11,0,0,255,255,255,0,0,0,0,900,0,0,0,0
#DST_NUMBER,0,900,1118,565,12,11,0,255,255,255,255,0,0,0,0,0,0,0,0,0

//slow
//SRC定義,(null),gr,x,y,w,h,div_x,div_y,cycle,timer,num,align,keta,,,,,,,
#SRC_NUMBER,0,0,970,78,132,11,11,1,0,0,214,0,4,,,,,,,
//DST定義,(NULL),time,x,y,w,h,acc,a,r,g,b,blend,filter,angle,center,loop,timer,op1,op2,op3
#DST_NUMBER,0,700,1178,565,12,11,0,0,255,255,255,0,0,0,0,900,0,0,0,0
#DST_NUMBER,0,900,1178,565,12,11,0,255,255,255,255,0,0,0,0,0,0,0,0,0

#ENDIF,,,

/////////////////////



//CHART dJ LEVEL 

//1P AAA option=300,,,,,,,,,,,,,,,,,,,,
//SRC定義,(NULL),gr,x,y,w,h,div_x,div_y,cycle,timer,op1,op2,op3,,,,,,,
#SRC_IMAGE,0,6,1,1,340,128,1,1,0,0,0,0,0,,,,,,,
//DST定義,(NULL),time,x,y,w,h,acc,a,r,g,b,blend,filter,angle,center,loop,timer,op1,op2,op3
#DST_IMAGE,0,250,902,-300,340,1300,1,0,256,256,256,1,0,0,0,500,151,300,0,0
#DST_IMAGE,0,500,902,54,340,128,1,125,256,256,256,1,0,,,,,,,

#SRC_IMAGE,0,6,1,1,340,128,1,1,0,0,0,0,0,,,,,,,
//DST定義,(NULL),time,x,y,w,h,acc,a,r,g,b,blend,filter,angle,center,loop,timer,op1,op2,op3
#DST_IMAGE,0,400,902,-300,340,900,1,0,256,256,256,1,0,0,0,600,151,300,0,0
#DST_IMAGE,0,600,902,54,340,128,1,255,256,256,256,1,0,,,,,,,

//SRC定義,(NULL),gr,x,y,w,h,div_x,div_y,cycle,timer,op1,op2,op3,,,,,,,
#SRC_IMAGE,0,6,1,1,340,128,1,1,0,0,0,0,0,,,,,,,
//DST定義,(NULL),time,x,y,w,h,acc,a,r,g,b,blend,filter,angle,center,loop,timer,op1,op2,op3
#DST_IMAGE,0,500,902,54,340,128,2,0,256,256,256,2,0,0,0,900,151,300,0,0
#DST_IMAGE,0,700,902,54,340,128,2,95,256,256,256,2,0,,,,,,,
#DST_IMAGE,0,900,902,54,340,128,2,0,256,256,256,2,0,,,,,,,

#SRC_IMAGE,0,6,1,1,340,128,1,1,0,0,0,0,0,,,,,,,
//DST定義,(NULL),time,x,y,w,h,acc,a,r,g,b,blend,filter,angle,center,loop,timer,op1,op2,op3
#DST_IMAGE,0,900,902,54,340,128,2,0,256,256,256,2,0,0,0,900,151,300,0,0
#DST_IMAGE,0,1900,902,54,340,128,2,95,256,256,256,2,0,,,,,,,
#DST_IMAGE,0,2900,902,54,340,128,2,0,256,256,256,2,0,,,,,,,

//SCORE RANK FLASH AAA

#SRC_IMAGE,0,6,344,1,399,399,1,1,0,0,0,0,0,,,,,,,
//DST定義,(NULL),time,x,y,w,h,acc,a,r,g,b,blend,filter,angle,center,loop,timer,op1,op2,op3
#DST_IMAGE,0,700,1068,141,0,0,2,0,255,255,255,2,1,0,5,-1,151,300,0,0
#DST_IMAGE,0,900,872,-70,399,399,2,220,255,255,255,2,1,0,5,
#DST_IMAGE,0,1800,872,-70,399,399,2,0,255,255,255,2,1,0,5,



//1P AA
//SRC定義,(NULL),gr,x,y,w,h,div_x,div_y,cycle,timer,op1,op2,op3,,,,,,,
#SRC_IMAGE,0,6,1,130,340,128,1,1,0,0,0,0,0,,,,,,,
//DST定義,(NULL),time,x,y,w,h,acc,a,r,g,b,blend,filter,angle,center,loop,timer,op1,op2,op3
#DST_IMAGE,0,250,902,-300,340,1300,1,0,256,256,256,1,1,0,0,500,151,301,0,0
#DST_IMAGE,0,500,902,54,340,128,1,125,256,256,256,1,1,,,,,,,

//SRC定義,(NULL),gr,x,y,w,h,div_x,div_y,cycle,timer,op1,op2,op3,,,,,,,
#SRC_IMAGE,0,6,1,130,340,128,1,1,0,0,0,0,0,,,,,,,
//DST定義,(NULL),time,x,y,w,h,acc,a,r,g,b,blend,filter,angle,center,loop,timer,op1,op2,op3
#DST_IMAGE,0,400,902,-300,340,900,1,0,256,256,256,1,1,0,0,600,151,301,0,0
#DST_IMAGE,0,600,902,54,340,128,1,255,256,256,256,1,1,,,,,,,

#SRC_IMAGE,0,6,1,130,340,128,1,1,0,0,0,0,0,,,,,,,
//DST定義,(NULL),time,x,y,w,h,acc,a,r,g,b,blend,filter,angle,center,loop,timer,op1,op2,op3
#DST_IMAGE,0,500,902,54,340,128,2,0,256,256,256,2,0,0,0,900,151,301,0,0
#DST_IMAGE,0,700,902,54,340,128,2,95,256,256,256,2,0,,,,,,,
#DST_IMAGE,0,900,902,54,340,128,2,0,256,256,256,2,0,,,,,,,

#SRC_IMAGE,0,6,1,130,340,128,1,1,0,0,0,0,0,,,,,,,
//DST定義,(NULL),time,x,y,w,h,acc,a,r,g,b,blend,filter,angle,center,loop,timer,op1,op2,op3
#DST_IMAGE,0,900,902,54,340,128,2,0,256,256,256,2,0,0,0,900,151,301,0,0
#DST_IMAGE,0,1900,902,54,340,128,2,95,256,256,256,2,0,,,,,,,
#DST_IMAGE,0,2900,902,54,340,128,2,0,256,256,256,2,0,,,,,,,

//1P A
//SRC定義,(NULL),gr,x,y,w,h,div_x,div_y,cycle,timer,op1,op2,op3,,,,,,,
#SRC_IMAGE,0,6,1,259,340,128,1,1,0,0,0,0,0,,,,,,,
//DST定義,(NULL),time,x,y,w,h,acc,a,r,g,b,blend,filter,angle,center,loop,timer,op1,op2,op3
#DST_IMAGE,0,250,902,-300,340,900,1,0,256,256,256,1,1,0,0,500,151,302,0,0
#DST_IMAGE,0,500,902,54,340,128,1,125,256,256,256,1,1,,,,,,,

//SRC定義,(NULL),gr,x,y,w,h,div_x,div_y,cycle,timer,op1,op2,op3,,,,,,,
#SRC_IMAGE,0,6,1,259,340,128,1,1,0,0,0,0,0,,,,,,,
//DST定義,(NULL),time,x,y,w,h,acc,a,r,g,b,blend,filter,angle,center,loop,timer,op1,op2,op3
#DST_IMAGE,0,300,902,-300,340,900,1,0,256,256,256,1,1,0,0,550,151,302,0,0
#DST_IMAGE,0,550,902,54,340,128,1,255,256,256,256,1,1,,,,,,,

#SRC_IMAGE,0,6,1,259,340,128,1,1,0,0,0,0,0,,,,,,,
//DST定義,(NULL),time,x,y,w,h,acc,a,r,g,b,blend,filter,angle,center,loop,timer,op1,op2,op3
#DST_IMAGE,0,500,902,54,340,128,2,0,256,256,256,2,0,0,0,900,151,302,0,0
#DST_IMAGE,0,700,902,54,340,128,2,95,256,256,256,2,0,,,,,,,
#DST_IMAGE,0,900,902,54,340,128,2,0,256,256,256,2,0,,,,,,,

#SRC_IMAGE,0,6,1,259,340,128,1,1,0,0,0,0,0,,,,,,,
//DST定義,(NULL),time,x,y,w,h,acc,a,r,g,b,blend,filter,angle,center,loop,timer,op1,op2,op3
#DST_IMAGE,0,900,902,54,340,128,2,0,256,256,256,2,0,0,0,900,151,302,0,0
#DST_IMAGE,0,1900,902,54,340,128,2,95,256,256,256,2,0,,,,,,,
#DST_IMAGE,0,2900,902,54,340,128,2,0,256,256,256,2,0,,,,,,,

//1P B
//SRC定義,(NULL),gr,x,y,w,h,div_x,div_y,cycle,timer,op1,op2,op3,,,,,,,
#SRC_IMAGE,0,6,1,388,340,128,1,1,0,0,0,0,0,,,,,,,
//DST定義,(NULL),time,x,y,w,h,acc,a,r,g,b,blend,filter,angle,center,loop,timer,op1,op2,op3
#DST_IMAGE,0,250,902,-300,340,1300,1,0,256,256,256,1,1,0,0,500,151,303,0,0
#DST_IMAGE,0,500,902,54,340,128,1,125,256,256,256,1,1,,,,,,,

//SRC定義,(NULL),gr,x,y,w,h,div_x,div_y,cycle,timer,op1,op2,op3,,,,,,,
#SRC_IMAGE,0,6,1,388,340,128,1,1,0,0,0,0,0,,,,,,,
//DST定義,(NULL),time,x,y,w,h,acc,a,r,g,b,blend,filter,angle,center,loop,timer,op1,op2,op3
#DST_IMAGE,0,400,902,-300,340,900,1,0,256,256,256,1,1,0,0,600,151,303,0,0
#DST_IMAGE,0,600,902,54,340,128,1,255,256,256,256,1,1,,,,,,,

#SRC_IMAGE,0,6,1,388,340,128,1,1,0,0,0,0,0,,,,,,,
//DST定義,(NULL),time,x,y,w,h,acc,a,r,g,b,blend,filter,angle,center,loop,timer,op1,op2,op3
#DST_IMAGE,0,500,902,54,340,128,2,0,256,256,256,2,0,0,0,900,151,303,0,0
#DST_IMAGE,0,700,902,54,340,128,2,95,256,256,256,2,0,,,,,,,
#DST_IMAGE,0,900,902,54,340,128,2,0,256,256,256,2,0,,,,,,,

#SRC_IMAGE,0,6,1,388,340,128,1,1,0,0,0,0,0,,,,,,,
//DST定義,(NULL),time,x,y,w,h,acc,a,r,g,b,blend,filter,angle,center,loop,timer,op1,op2,op3
#DST_IMAGE,0,900,902,54,340,128,2,0,256,256,256,2,0,0,0,900,151,303,0,0
#DST_IMAGE,0,1900,902,54,340,128,2,95,256,256,256,2,0,,,,,,,
#DST_IMAGE,0,2900,902,54,340,128,2,0,256,256,256,2,0,,,,,,,


//1P C
//SRC定義,(NULL),gr,x,y,w,h,div_x,div_y,cycle,timer,op1,op2,op3,,,,,,,
#SRC_IMAGE,0,6,1,517,340,128,1,1,0,0,0,0,0,,,,,,,
//DST定義,(NULL),time,x,y,w,h,acc,a,r,g,b,blend,filter,angle,center,loop,timer,op1,op2,op3
#DST_IMAGE,0,250,902,-300,340,1300,1,0,256,256,256,1,1,0,0,500,151,304,0,0
#DST_IMAGE,0,500,902,54,340,128,1,125,256,256,256,1,1,,,,,,,

//SRC定義,(NULL),gr,x,y,w,h,div_x,div_y,cycle,timer,op1,op2,op3,,,,,,,
#SRC_IMAGE,0,6,1,517,340,128,1,1,0,0,0,0,0,,,,,,,
//DST定義,(NULL),time,x,y,w,h,acc,a,r,g,b,blend,filter,angle,center,loop,timer,op1,op2,op3
#DST_IMAGE,0,400,902,-300,340,900,1,0,256,256,256,1,1,0,0,600,151,304,0,0
#DST_IMAGE,0,600,902,54,340,128,1,255,256,256,256,1,1,,,,,,,

#SRC_IMAGE,0,6,1,517,340,128,1,1,0,0,0,0,0,,,,,,,
//DST定義,(NULL),time,x,y,w,h,acc,a,r,g,b,blend,filter,angle,center,loop,timer,op1,op2,op3
#DST_IMAGE,0,500,902,54,340,128,2,0,256,256,256,2,0,0,0,900,151,304,0,0
#DST_IMAGE,0,700,902,54,340,128,2,95,256,256,256,2,0,,,,,,,
#DST_IMAGE,0,900,902,54,340,128,2,0,256,256,256,2,0,,,,,,,

#SRC_IMAGE,0,6,1,517,340,128,1,1,0,0,0,0,0,,,,,,,
//DST定義,(NULL),time,x,y,w,h,acc,a,r,g,b,blend,filter,angle,center,loop,timer,op1,op2,op3
#DST_IMAGE,0,900,902,54,340,128,2,0,256,256,256,2,0,0,0,900,151,304,0,0
#DST_IMAGE,0,1900,902,54,340,128,2,95,256,256,256,2,0,,,,,,,
#DST_IMAGE,0,2900,902,54,340,128,2,0,256,256,256,2,0,,,,,,,

//1P D
//SRC定義,(NULL),gr,x,y,w,h,div_x,div_y,cycle,timer,op1,op2,op3,,,,,,,
#SRC_IMAGE,0,6,1,646,340,128,1,1,0,0,0,0,0,,,,,,,
//DST定義,(NULL),time,x,y,w,h,acc,a,r,g,b,blend,filter,angle,center,loop,timer,op1,op2,op3
#DST_IMAGE,0,250,902,-300,340,1300,1,0,256,256,256,1,1,0,0,500,151,305,0,0
#DST_IMAGE,0,500,902,54,340,128,1,125,256,256,256,1,1,,,,,,,

//SRC定義,(NULL),gr,x,y,w,h,div_x,div_y,cycle,timer,op1,op2,op3,,,,,,,
#SRC_IMAGE,0,6,1,646,340,128,1,1,0,0,0,0,0,,,,,,,
//DST定義,(NULL),time,x,y,w,h,acc,a,r,g,b,blend,filter,angle,center,loop,timer,op1,op2,op3
#DST_IMAGE,0,400,902,-300,340,900,1,0,256,256,256,1,1,0,0,600,151,305,0,0
#DST_IMAGE,0,600,902,54,340,128,1,255,256,256,256,1,1,,,,,,,

#SRC_IMAGE,0,6,1,646,340,128,1,1,0,0,0,0,0,,,,,,,
//DST定義,(NULL),time,x,y,w,h,acc,a,r,g,b,blend,filter,angle,center,loop,timer,op1,op2,op3
#DST_IMAGE,0,500,902,54,340,128,2,0,256,256,256,2,0,0,0,900,151,305,0,0
#DST_IMAGE,0,700,902,54,340,128,2,95,256,256,256,2,0,,,,,,,
#DST_IMAGE,0,900,902,54,340,128,2,0,256,256,256,2,0,,,,,,,

#SRC_IMAGE,0,6,1,646,340,128,1,1,0,0,0,0,0,,,,,,,
//DST定義,(NULL),time,x,y,w,h,acc,a,r,g,b,blend,filter,angle,center,loop,timer,op1,op2,op3
#DST_IMAGE,0,900,902,54,340,128,2,0,256,256,256,2,0,0,0,900,151,305,0,0
#DST_IMAGE,0,1900,902,54,340,128,2,95,256,256,256,2,0,,,,,,,
#DST_IMAGE,0,2900,902,54,340,128,2,0,256,256,256,2,0,,,,,,,

//1P E
//SRC定義,(NULL),gr,x,y,w,h,div_x,div_y,cycle,timer,op1,op2,op3,,,,,,,
#SRC_IMAGE,0,6,1,776,340,128,1,1,0,0,0,0,0,,,,,,,
//DST定義,(NULL),time,x,y,w,h,acc,a,r,g,b,blend,filter,angle,center,loop,timer,op1,op2,op3
#DST_IMAGE,0,250,902,-300,340,1300,1,0,256,256,256,1,1,0,0,500,151,306,0,0
#DST_IMAGE,0,500,902,54,340,128,1,125,256,256,256,1,1,,,,,,,

//SRC定義,(NULL),gr,x,y,w,h,div_x,div_y,cycle,timer,op1,op2,op3,,,,,,,
#SRC_IMAGE,0,6,1,776,340,128,1,1,0,0,0,0,0,,,,,,,
//DST定義,(NULL),time,x,y,w,h,acc,a,r,g,b,blend,filter,angle,center,loop,timer,op1,op2,op3
#DST_IMAGE,0,400,902,-300,340,900,1,0,256,256,256,1,1,0,0,600,151,306,0,0
#DST_IMAGE,0,600,902,54,340,128,1,255,256,256,256,1,1,,,,,,,

#SRC_IMAGE,0,6,1,776,340,128,1,1,0,0,0,0,0,,,,,,,
//DST定義,(NULL),time,x,y,w,h,acc,a,r,g,b,blend,filter,angle,center,loop,timer,op1,op2,op3
#DST_IMAGE,0,500,902,54,340,128,2,0,256,256,256,2,0,0,0,900,151,306,0,0
#DST_IMAGE,0,700,902,54,340,128,2,95,256,256,256,2,0,,,,,,,
#DST_IMAGE,0,900,902,54,340,128,2,0,256,256,256,2,0,,,,,,,

#SRC_IMAGE,0,6,1,776,340,128,1,1,0,0,0,0,0,,,,,,,
//DST定義,(NULL),time,x,y,w,h,acc,a,r,g,b,blend,filter,angle,center,loop,timer,op1,op2,op3
#DST_IMAGE,0,900,902,54,340,128,2,0,256,256,256,2,0,0,0,900,151,306,0,0
#DST_IMAGE,0,1900,902,54,340,128,2,95,256,256,256,2,0,,,,,,,
#DST_IMAGE,0,2900,902,54,340,128,2,0,256,256,256,2,0,,,,,,,

//1P F
//SRC定義,(NULL),gr,x,y,w,h,div_x,div_y,cycle,timer,op1,op2,op3,,,,,,,
#SRC_IMAGE,0,6,1,905,340,128,1,1,0,0,0,0,0,,,,,,,
//DST定義,(NULL),time,x,y,w,h,acc,a,r,g,b,blend,filter,angle,center,loop,timer,op1,op2,op3
#DST_IMAGE,0,250,902,-300,340,1300,1,0,256,256,256,1,1,0,0,500,151,307,0,0
#DST_IMAGE,0,500,902,54,340,128,1,125,256,256,256,1,1,,,,,,,

//SRC定義,(NULL),gr,x,y,w,h,div_x,div_y,cycle,timer,op1,op2,op3,,,,,,,
#SRC_IMAGE,0,6,1,905,340,128,1,1,0,0,0,0,0,,,,,,,
//DST定義,(NULL),time,x,y,w,h,acc,a,r,g,b,blend,filter,angle,center,loop,timer,op1,op2,op3
#DST_IMAGE,0,400,902,-300,340,900,1,0,256,256,256,1,1,0,0,600,151,307,0,0
#DST_IMAGE,0,600,902,54,340,128,1,255,256,256,256,1,1,,,,,,,

#SRC_IMAGE,0,6,1,905,340,128,1,1,0,0,0,0,0,,,,,,,
//DST定義,(NULL),time,x,y,w,h,acc,a,r,g,b,blend,filter,angle,center,loop,timer,op1,op2,op3
#DST_IMAGE,0,500,902,54,340,128,2,0,256,256,256,2,0,0,0,900,151,307,0,0
#DST_IMAGE,0,700,902,54,340,128,2,95,256,256,256,2,0,,,,,,,
#DST_IMAGE,0,900,902,54,340,128,2,0,256,256,256,2,0,,,,,,,

#SRC_IMAGE,0,6,1,905,340,128,1,1,0,0,0,0,0,,,,,,,
//DST定義,(NULL),time,x,y,w,h,acc,a,r,g,b,blend,filter,angle,center,loop,timer,op1,op2,op3
#DST_IMAGE,0,900,902,54,340,128,2,0,256,256,256,2,0,0,0,900,151,307,0,0
#DST_IMAGE,0,1900,902,54,340,128,2,95,256,256,256,2,0,,,,,,,
#DST_IMAGE,0,2900,902,54,340,128,2,0,256,256,256,2,0,,,,,,,







#IF,936

/exlevel
//SRC定義,(NULL),font,st,align,edit,,,,,,,,,,,,,,,
#SRC_TEXT,0,2,29,0,0,,,,,,,,,,,,,,,
//DST定義,(NULL),time,x,y,w,size,acc,a,r,g,b,blend,filter,(NULL),(NULL),loop,timer,(NULL),(NULL),(NULL)
#DST_TEXT,0,700,1247,689,60,24,0,0,255,255,255,1,1,0,0,900,0,0,0,0
#DST_TEXT,0,900,1247,689,60,24,0,255,255,255,255,1,1,0,0,,,,,


#SRC_IMAGE,0,0,960,173,16,15,1,1,0,0,0,0,0,,,,,,,
//DST定義,(NULL),time,x,y,w,h,acc,a,r,g,b,blend,filter,angle,center,loop,timer,op1,op2,op3
#DST_IMAGE,0,700,1228,695,16,15,2,0,255,255,255,1,0,0,0,900,0,0,0,0
#DST_IMAGE,0,900,1228,695,16,15,2,255,255,255,255,1,0,,,,,,,


#ENDIF


////////////////////////////////////////////////////////////////////////////,,,,,,,,,,,,,,,,,,,,
//STAGE CLEAR   
////////////////////////////////////////////////////////////////////////////,,,,,,,,,,,,,,,,,,,,

//FLASH2
//SRC定義,(NULL),gr,x,y,w,h,div_x,div_y,cycle,timer,op1,op2,op3,,,,,,,
#SRC_IMAGE,0,7,0,1746,1280,158,1,1,0,0,0,0,0,,,,,,,
//DST定義,(NULL),time,x,y,w,h,acc,a,r,g,b,blend,filter,angle,center,loop,timer,op1,op2,op3
#DST_IMAGE,0,700,0,277,1280,158,0,0,255,255,255,2,0,0,0,-1,0,90,0,0
#DST_IMAGE,0,900,0,357,1280,2,0,255,255,255,255,2,0,0,0,,,,,
#DST_IMAGE,0,1000,0,357,1280,2,0,0,0,255,255,2,0,0,0,,,,,
,,,,,,,,,,,,,,,,,,,,


//CLEAR,,,,,,,,,,,,,,,,,,,,
//clear 
//SRC定義,(NULL),gr,x,y,w,h,div_x,div_y,cycle,timer,op1,op2,op3,,,,,,,
#SRC_IMAGE,0,7,0,1540,1100,176,1,1,0,0,0,0,0,,,,,,,
//DST定義,(NULL),time,x,y,w,h,acc,a,r,g,b,blend,filter,angle,center,loop,timer,op1,op2,op3
#DST_IMAGE,0,0,95,-158,1100,1406,0,0,255,255,255,0,0,0,0,-1,0,90,0,0
#DST_IMAGE,0,200,95,272,1100,176,0,255,255,255,255,0,0,0,0,,,,,
#DST_IMAGE,0,700,95,272,1100,176,0,255,255,255,255,0,0,0,0,,,,,
#DST_IMAGE,0,800,95,364,1100,0,0,0,255,255,255,0,0,0,0,,,,,

//clear add
//SRC定義,(NULL),gr,x,y,w,h,div_x,div_y,cycle,timer,op1,op2,op3,,,,,,,
#SRC_IMAGE,0,7,0,1540,1100,176,1,1,0,0,0,0,0,,,,,,,
//DST定義,(NULL),time,x,y,w,h,acc,a,r,g,b,blend,filter,angle,center,loop,timer,op1,op2,op3
#DST_IMAGE,0,300,95,272,1100,176,0,0,255,255,255,2,0,0,0,-1,0,90,0,0
#DST_IMAGE,0,400,95,272,1100,176,0,255,255,255,255,2,0,0,0,,,,,
#DST_IMAGE,0,500,95,272,1100,176,0,0,255,255,255,2,0,0,0,,,,,

//FLASH1
//SRC定義,(NULL),gr,x,y,w,h,div_x,div_y,cycle,timer,op1,op2,op3,,,,,,,
#SRC_IMAGE,0,7,0,1125,408,408,1,1,0,0,0,0,0,,,,,,,
//DST定義,(NULL),time,x,y,w,h,acc,a,r,g,b,blend,filter,angle,center,loop,timer,op1,op2,op3
#DST_IMAGE,0,0,418,158,408,408,0,255,255,255,255,2,0,0,0,-1,0,90,0,0
#DST_IMAGE,0,350,-400,-710,2080,2080,0,0,255,255,255,2,0,0,0,,,,,


,,,,,,,,,,,,,,,,,,,,
//FAILED,,,,,,,,,,,,,,,,,,,,
,,,,,,,,,,,,,,,,,,,,

//FLASH2
//SRC定義,(NULL),gr,x,y,w,h,div_x,div_y,cycle,timer,op1,op2,op3,,,,,,,
#SRC_IMAGE,0,8,0,1746,1280,158,1,1,0,0,0,0,0,,,,,,,
//DST定義,(NULL),time,x,y,w,h,acc,a,r,g,b,blend,filter,angle,center,loop,timer,op1,op2,op3
#DST_IMAGE,0,700,0,277,1280,158,0,0,255,255,255,2,0,0,0,-1,0,91,0,0
#DST_IMAGE,0,900,0,357,1280,2,0,255,255,255,255,2,0,0,0,,,,,
#DST_IMAGE,0,1000,0,357,1280,2,0,0,0,255,255,2,0,0,0,,,,,
//Failed 
//SRC定義,(NULL),gr,x,y,w,h,div_x,div_y,cycle,timer,op1,op2,op3,,,,,,,
#SRC_IMAGE,0,8,0,1540,1100,176,1,1,0,0,0,0,0,,,,,,,
//DST定義,(NULL),time,x,y,w,h,acc,a,r,g,b,blend,filter,angle,center,loop,timer,op1,op2,op3
#DST_IMAGE,0,0,95,-158,1100,1406,0,0,255,255,255,0,0,0,0,-1,0,91,0,0
#DST_IMAGE,0,200,95,272,1100,176,0,255,255,255,255,0,0,0,0,,,,,
#DST_IMAGE,0,700,95,272,1100,176,0,255,255,255,255,0,0,0,0,,,,,
#DST_IMAGE,0,800,95,364,1100,0,0,0,255,255,255,0,0,0,0,,,,,

//Failed add
//SRC定義,(NULL),gr,x,y,w,h,div_x,div_y,cycle,timer,op1,op2,op3,,,,,,,
#SRC_IMAGE,0,8,0,1540,1100,176,1,1,0,0,0,0,0,,,,,,,
//DST定義,(NULL),time,x,y,w,h,acc,a,r,g,b,blend,filter,angle,center,loop,timer,op1,op2,op3
#DST_IMAGE,0,300,95,272,1100,176,0,0,255,255,255,2,0,0,0,-1,0,91,0,0
#DST_IMAGE,0,400,95,272,1100,176,0,255,255,255,255,2,0,0,0,,,,,
#DST_IMAGE,0,500,95,272,1100,176,0,0,255,255,255,2,0,0,0,,,,,



//FLASH1
//SRC定義,(NULL),gr,x,y,w,h,div_x,div_y,cycle,timer,op1,op2,op3,,,,,,,
#SRC_IMAGE,0,8,0,1125,408,408,1,1,0,0,0,0,0,,,,,,,
//DST定義,(NULL),time,x,y,w,h,acc,a,r,g,b,blend,filter,angle,center,loop,timer,op1,op2,op3
#DST_IMAGE,0,0,418,158,408,408,0,255,255,255,255,2,0,0,0,-1,0,91,0,0
#DST_IMAGE,0,350,-400,-710,2080,2080,0,0,255,255,255,2,0,0,0,,,,,





////////////////////////////////////////////////////////////////////////////,,,,,,,,,,,,,,,,,,,,
//フェードアウト,,,,,,,,,,,,,,,,,,,,
////////////////////////////////////////////////////////////////////////////,,,,,,,,,,,,,,,,,,,,
#IF,930



//SRC定義,(NULL),gr,x,y,w,h,div_x,div_y,cycle,timer,op1,op2,op3,,,,,,,
#SRC_IMAGE,0,110,0,0,1,1,1,1,0,0,0,0,0,,,,,,,
//DST定義,(NULL),time,x,y,w,h,acc,a,r,g,b,blend,filter,angle,center,loop,timer,op1,op2,op3
#DST_IMAGE,0,400,0,0,1280,720,1,0,255,255,255,1,0,0,0,1500,2,0,0,0
#DST_IMAGE,0,1500,0,0,1280,720,0,255,255,255,255,1,0,0,0,,,,,





//up
//SRC定義,(NULL),gr,x,y,w,h,div_x,div_y,cycle,timer,op1,op2,op3,,,,,,,
#SRC_IMAGE,0,28,0,0,1280,607,1,1,0,0,0,0,0,,,,,,,
//DST定義,(NULL),time,x,y,w,h,acc,a,r,g,b,blend,filter,angle,center,loop,timer,op1,op2,op3
#DST_IMAGE,0,0,0,-607,1280,607,1,255,255,255,255,1,0,0,0,900,2,0,0,0
#DST_IMAGE,0,600,0,0,1280,607,1,255,255,255,255,1,0,0,
#DST_IMAGE,0,900,0,0,1280,607,1,255,255,255,255,1,0,0,0,,,,,

//left
//SRC定義,(NULL),gr,x,y,w,h,div_x,div_y,cycle,timer,op1,op2,op3,,,,,,,
#SRC_IMAGE,0,28,0,607,640,497,1,1,0,0,0,0,0,,,,,,,
//DST定義,(NULL),time,x,y,w,h,acc,a,r,g,b,blend,filter,angle,center,loop,timer,op1,op2,op3
#DST_IMAGE,0,0,-497,400,640,497,1,255,255,255,255,1,0,0,0,900,2,0,0,0
#DST_IMAGE,0,600,0,223,640,497,1,255,255,255,255,1,0,0,
#DST_IMAGE,0,900,0,223,640,497,1,255,255,255,255,1,0,0,0,,,,,

//right
//SRC定義,(NULL),gr,x,y,w,h,div_x,div_y,cycle,timer,op1,op2,op3,,,,,,,
#SRC_IMAGE,0,28,640,607,640,497,1,1,0,0,0,0,0,,,,,,,
//DST定義,(NULL),time,x,y,w,h,acc,a,r,g,b,blend,filter,angle,center,loop,timer,op1,op2,op3
#DST_IMAGE,0,0,1280,400,640,497,1,255,255,255,255,1,0,0,0,900,2,0,0,0
#DST_IMAGE,0,600,640,223,640,497,1,255,255,255,255,1,0,0,
#DST_IMAGE,0,900,640,223,640,497,1,255,255,255,255,1,0,0,0,,,,,

//bottom
//SRC定義,(NULL),gr,x,y,w,h,div_x,div_y,cycle,timer,op1,op2,op3,,,,,,,
#SRC_IMAGE,0,28,0,1104,1280,153,1,1,0,0,0,0,0,,,,,,,
//DST定義,(NULL),time,x,y,w,h,acc,a,r,g,b,blend,filter,angle,center,loop,timer,op1,op2,op3
#DST_IMAGE,0,0,0,780,1280,153,1,255,255,255,255,1,0,0,0,900,2,0,0,0
#DST_IMAGE,0,600,0,569,1280,153,1,255,255,255,255,1,0,0,
#DST_IMAGE,0,900,0,569,1280,153,1,255,255,255,255,1,0,0,0,,,,,

//light
//SRC定義,(NULL),gr,x,y,w,h,div_x,div_y,cycle,timer,op1,op2,op3,,,,,,,
#SRC_IMAGE,0,28,0,1257,1280,266,1,1,0,0,0,0,0,,,,,,,
//DST定義,(NULL),time,x,y,w,h,acc,a,r,g,b,blend,filter,angle,center,loop,timer,op1,op2,op3
#DST_IMAGE,0,600,-200,455,1680,266,1,0,255,255,255,2,0,0,0,900,2,0,0,0
#DST_IMAGE,0,900,0,455,1280,266,1,255,255,255,255,2,0,0,

#ELSEIF,931

//SRC定義,(NULL),gr,x,y,w,h,div_x,div_y,cycle,timer,op1,op2,op3,,,,,,,
#SRC_IMAGE,0,27,0,720,748,720,1,1,0,0,0,0,0,,,,,,,
//DST定義,(NULL),time,x,y,w,h,acc,a,r,g,b,blend,filter,angle,center,loop,timer,op1,op2,op3
#DST_IMAGE,0,0,1251,720,748,720,2,255,255,255,255,1,0,0,5,700,2,0,0,0
#DST_IMAGE,0,700,532,0,748,720,2,255,255,255,255,1,0,0,0,,,,,

//SRC定義,(NULL),gr,x,y,w,h,div_x,div_y,cycle,timer,op1,op2,op3,,,,,,,
#SRC_IMAGE,0,27,0,0,899,720,1,1,0,0,0,0,0,,,,,,,
//DST定義,(NULL),time,x,y,w,h,acc,a,r,g,b,blend,filter,angle,center,loop,timer,op1,op2,op3
#DST_IMAGE,0,0,-719,-719,899,720,2,255,255,255,255,1,0,0,5,700,2,0,0,0
#DST_IMAGE,0,700,0,0,899,720,2,255,255,255,255,1,0,0,0,,,,,

#ELSEIF,932
//SRC定義,(NULL),gr,x,y,w,h,div_x,div_y,cycle,timer,op1,op2,op3,,,,,,,
#SRC_IMAGE,0,110,0,0,1,1,1,1,0,0,0,0,0,,,,,,,
//DST定義,(NULL),time,x,y,w,h,acc,a,r,g,b,blend,filter,angle,center,loop,timer,op1,op2,op3
#DST_IMAGE,0,0,0,-720,1280,720,1,122,255,255,255,1,0,0,0,1500,2,0,0,0
#DST_IMAGE,0,500,0,-360,1280,720,1,255,255,255,255,1,0,0,0,,,,,
#DST_IMAGE,0,1500,0,0,1280,720,0,255,255,255,255,1,0,0,0,,,,,
//SRC定義,(NULL),gr,x,y,w,h,div_x,div_y,cycle,timer,op1,op2,op3,,,,,,,
#SRC_IMAGE,0,110,0,0,1,1,1,1,0,0,0,0,0,,,,,,,
//DST定義,(NULL),time,x,y,w,h,acc,a,r,g,b,blend,filter,angle,center,loop,timer,op1,op2,op3
#DST_IMAGE,0,0,0,720,1280,720,1,122,255,255,255,1,0,0,0,1500,2,0,0,0
#DST_IMAGE,0,500,0,360,1280,720,1,255,255,255,255,1,0,0,0,,,,,
#DST_IMAGE,0,1500,0,0,1280,720,0,255,255,255,255,1,0,0,0,,,,,



#ENDIF

//END,,,,,,,,,,,,,,,,,,,,